Affix,Type_x,Origin,Type_y,TotalFrequency
afro,prefix,Unspecified,prefix,2647152
anglo,prefix,Unspecified,prefix,3591523
euro,prefix,Unspecified,prefix,225990569
franco,prefix,Unspecified,prefix,6772175
indo,prefix,Unspecified,prefix,44708427
hell,prefix,Greek,prefix,68575016
abac,prefix,Greek,prefix,2161425
abil,prefix,Unspecified,prefix,61479902
able,suffix,Unspecified,suffix,1610344601
ably,suffix,Unspecified,suffix,116003340
abol,prefix,Unspecified,prefix,4306889
academ,prefix,Greek,prefix,97453390
acantho,prefix,Greek,prefix,30775
acaro,prefix,Greek,prefix,14921
aceae,suffix,Unspecified,suffix,3383050
aceous,suffix,Unspecified,suffix,1649281
ace,suffix,Unspecified,suffix,897217691
acerb,prefix,"Latin, Greek",prefix,154285
acet,prefix,Latin,prefix,8544831
acid,prefix,Latin,prefix,42923409
actino,prefix,Greek,prefix,442769
acious,suffix,Unspecified,suffix,10385193
acity,suffix,Unspecified,suffix,52661760
acoust,prefix,Unspecified,prefix,15257400
acryl,prefix,Latin,prefix,7426096
acti,prefix,Unspecified,prefix,584253214
acu,prefix,Latin,prefix,23874829
acy,suffix,Unspecified,suffix,495921483
ac,prefix,Greek,prefix,2966320343
ac,prefix,Greek,prefix,2966320343
adeno,prefix,Unspecified,prefix,3574460
ado,suffix,Unspecified,suffix,73961741
ade,suffix,Unspecified,suffix,630851527
aden,prefix,Greek,prefix,5322796
adipo,prefix,Latin,prefix,739282
adrena,prefix,Unspecified,prefix,3793974
ae,suffix,Unspecified,suffix,70808308
aeri,prefix,Greek,prefix,7728910
aesth,prefix,Greek,prefix,5628296
aether,prefix,Greek,prefix,243748
aev,prefix,Latin,prefix,95923
affect,prefix,Unspecified,prefix,71086380
after,prefix,Unspecified,prefix,411467423
age,suffix,Unspecified,suffix,3169786208
agon,prefix,Unspecified,prefix,3969260
agap,prefix,Greek,prefix,548884
agree,prefix,Unspecified,prefix,216494919
agra,suffix,Unspecified,suffix,29374932
agri,prefix,Latin,prefix,59430441
agi,prefix,Latin,prefix,21753090
ailur,prefix,Greek,prefix,0
aire,suffix,French,suffix,37637890
eal,suffix,Unspecified,suffix,514701800
cial,suffix,Unspecified,suffix,842189239
ital,suffix,Unspecified,suffix,365156793
al,suffix,Unspecified,suffix,10376195685
alacr,prefix,Latin,prefix,333086
alb,prefix,Latin,prefix,189488356
alcyon,prefix,Greek,prefix,60527
ale,prefix,Greek,prefix,133731519
algo,prefix,Greek,prefix,30037682
ali,prefix,Latin,prefix,128328779
alkyl,prefix,Unspecified,prefix,892893
allel,prefix,Greek,prefix,2819960
alpha,prefix,Greek,prefix,54248327
alphit,prefix,Greek,prefix,0
alter,prefix,Unspecified,prefix,117729629
alti,prefix,Latin,prefix,7833317
amat,prefix,Latin,prefix,57913744
amath,prefix,Greek,prefix,35244
ambi,prefix,Latin,prefix,28965360
ambl,prefix,Unspecified,prefix,1161032
ambul,prefix,Latin,prefix,6475308
ami,prefix,Greek,prefix,36937590
amm,prefix,Greek,prefix,10884786
amni,prefix,Greek,prefix,499317
amphi,prefix,Greek,prefix,3882305
ampl,prefix,Latin,prefix,32285011
amygdal,prefix,Greek,prefix,450564
amylo,prefix,Unspecified,prefix,880969
iana,suffix,Unspecified,suffix,90819938
anxi,prefix,Unspecified,prefix,13685619
ando,suffix,Unspecified,suffix,39764782
andra,prefix,Greek,prefix,1075509
anemo,prefix,Greek,prefix,897482
ane,suffix,Unspecified,suffix,195043549
angio,prefix,Unspecified,prefix,3543851
ang,prefix,Unspecified,prefix,195089218
anima,prefix,Latin,prefix,163434665
ankylo,prefix,Unspecified,prefix,202814
anni,prefix,Latin,prefix,30591507
antero,prefix,Unspecified,prefix,205834
anti,prefix,Greek,prefix,199225671
ante,prefix,Latin,prefix,27943027
antho,prefix,Greek,prefix,22162627
anthrac,prefix,Greek,prefix,837347
anthropo,prefix,Greek,prefix,8776933
ana,prefix,Greek,prefix,348926418
aniso,prefix,Unspecified,prefix,1519166
apert,prefix,Latin,prefix,4890056
aphrod,prefix,Greek,prefix,4257688
aph,prefix,Unspecified,prefix,7678345
api,prefix,Latin,prefix,18883523
apt,prefix,Unspecified,prefix,10179672
apo,prefix,Greek,prefix,38485455
aqua,prefix,Latin,prefix,28775915
ara,prefix,Latin,prefix,66926132
arachno,prefix,Greek,prefix,188097
arbitr,prefix,Latin,prefix,17050803
arbore,prefix,Unspecified,prefix,1128836
arcan,prefix,Latin,prefix,1744632
arche,prefix,Greek,prefix,11647005
archae,prefix,Greek,prefix,9877139
arct,prefix,Greek,prefix,8556585
arc,prefix,Unspecified,prefix,392306830
ard,prefix,Latin,prefix,8710445
ard,prefix,Latin,suffix,1406338313
ard,suffix,Unspecified,prefix,8710445
ard,suffix,Unspecified,suffix,1406338313
ardu,prefix,Latin,prefix,563145
areola,prefix,Unspecified,prefix,367765
areo,prefix,Unspecified,prefix,415881
aret,prefix,Greek,prefix,807957
argent,prefix,Latin,prefix,21826625
argu,prefix,Unspecified,prefix,81852187
arian,suffix,Unspecified,suffix,52183390
arid,prefix,Latin,prefix,1972076
arist,prefix,Greek,prefix,5939645
arithm,prefix,Greek,prefix,3122478
arma,prefix,Unspecified,prefix,12126162
arm,suffix,Unspecified,suffix,144011865
arm,suffix,Unspecified,prefix,165128458
ar,suffix,Unspecified,suffix,3170046034
asco,prefix,Greek,prefix,2800886
arsen,prefix,Greek,prefix,6607692
arthr,prefix,Unspecified,prefix,10484710
articula,prefix,Unspecified,prefix,6165736
arti,prefix,Greek,prefix,505809041
art,prefix,Latin,prefix,890771417
art,prefix,Latin,suffix,1145270074
art,suffix,Unspecified,prefix,890771417
art,suffix,Unspecified,suffix,1145270074
ance,suffix,Unspecified,suffix,1522916375
ant,suffix,Unspecified,suffix,1274202144
an,suffix,Unspecified,suffix,7859649226
an,suffix,Unspecified,prefix,17606915148
arm,prefix,Unspecified,suffix,144011865
arm,prefix,Unspecified,prefix,165128458
arterio,prefix,Unspecified,prefix,812330
ary,suffix,Unspecified,suffix,1687206905
iated,suffix,Unspecified,suffix,113182398
ation,suffix,Unspecified,suffix,5445512639
ative,suffix,Unspecified,suffix,488151325
asc,prefix,Greek,prefix,33092090
asia,suffix,Unspecified,suffix,66199627
asin,prefix,Latin,prefix,10428489
asis,suffix,Greek,suffix,89979790
asm,suffix,Greek,suffix,17384481
asper,prefix,Latin,prefix,1511752
aspr,prefix,Greek,prefix,321130
ast,suffix,Unspecified,suffix,1246165325
aster,prefix,Greek,prefix,9257222
asthen,prefix,Greek,prefix,168370
ata,suffix,Unspecified,suffix,470709076
atic,suffix,Unspecified,suffix,159489534
ather,prefix,Greek,prefix,2242335
athl,prefix,Greek,prefix,44541964
athon,suffix,Unspecified,suffix,7285342
ati,suffix,Unspecified,suffix,46489079
ating,suffix,Unspecified,suffix,768772087
atmo,prefix,Unspecified,prefix,22512571
atory,suffix,Unspecified,suffix,107473338
ator,suffix,Unspecified,suffix,326186502
atroc,prefix,Unspecified,prefix,1931616
audio,prefix,Latin,prefix,146057749
audac,prefix,Latin,prefix,947330
aug,prefix,Latin,prefix,261735732
aught,suffix,Unspecified,suffix,37420147
aul,prefix,Greek,prefix,1388067
aureo,prefix,Latin,prefix,71235
auri,prefix,Latin,prefix,889093
austr,prefix,Unspecified,prefix,197960222
auth,prefix,Unspecified,prefix,411645066
auto,prefix,Greek,prefix,317052474
auxil,prefix,Greek,prefix,5020392
ava,prefix,Latin,prefix,509848154
avi,prefix,Unspecified,prefix,45378282
avia,prefix,Latin,prefix,22559271
axi,prefix,Latin,prefix,20080245
axon,prefix,Greek,prefix,1122838
abs,prefix,Latin,prefix,167991182
an,prefix,Greek,suffix,7859649226
an,prefix,Greek,prefix,17606915148
ad,prefix,Latin,prefix,2981279435
azo,prefix,Unspecified,prefix,1767467
a,suffix,Unspecified,suffix,19372844179
bacci,prefix,Unspecified,prefix,46487
bacill,prefix,Unspecified,prefix,1633641
back,prefix,Unspecified,prefix,660518900
bacteria,prefix,Unspecified,prefix,13184138
bac,prefix,Latin,prefix,717046105
band,prefix,Unspecified,prefix,118206470
bapt,prefix,Greek,prefix,16027930
bare,prefix,Unspecified,prefix,23743410
barri,prefix,Unspecified,prefix,24339663
bari,prefix,Greek,prefix,5134178
basidio,prefix,Unspecified,prefix,80181
bast,prefix,Unspecified,prefix,8212207
basi,prefix,Greek,prefix,190286243
batho,prefix,Greek,prefix,297579
bat,prefix,Unspecified,prefix,261208729
beaut,prefix,Latin,prefix,155514626
belli,prefix,Latin,prefix,5170489
bene,prefix,Latin,prefix,159994704
be,prefix,Unspecified,prefix,7168572940
bi,prefix,Latin,prefix,1637200446
bib,prefix,Latin,prefix,87393030
biblio,prefix,Greek,prefix,22513693
biosis,suffix,Unspecified,suffix,437876
bio,prefix,Greek,prefix,207967042
black,suffix,Unspecified,suffix,245379858
blast,prefix,Greek,prefix,17284582
blepharo,prefix,Unspecified,prefix,256703
ble,suffix,Unspecified,suffix,2276282422
blenn,prefix,Greek,prefix,96637
blind,suffix,Unspecified,suffix,16827295
blown,suffix,Unspecified,suffix,4601246
blue,suffix,Unspecified,suffix,128256392
blust,prefix,Unspecified,prefix,348354
board,suffix,Unspecified,suffix,300183640
bol,prefix,Greek,prefix,68357177
bomb,prefix,Greek,prefix,31971099
bon,prefix,Latin,prefix,189057245
bore,prefix,"Latin, Greek",prefix,14586700
borne,suffix,Unspecified,suffix,13983398
born,suffix,Unspecified,suffix,65408041
botan,prefix,Greek,prefix,9228414
botry,prefix,Unspecified,prefix,141708
bottom,prefix,Unspecified,prefix,49118137
bound,suffix,Unspecified,suffix,40146833
boun,prefix,Unspecified,prefix,67849514
bov,prefix,Latin,prefix,3450453
brachi,prefix,"Latin, Greek",prefix,347686
brachy,prefix,Greek,prefix,276808
brac,prefix,Unspecified,prefix,38753381
brady,prefix,Greek,prefix,4469888
branchio,prefix,Greek,prefix,35040
breast,prefix,Unspecified,prefix,64405984
breve,prefix,Latin,prefix,528983
bri,prefix,Unspecified,prefix,518175556
broad,prefix,Unspecified,prefix,115084146
broken,prefix,Unspecified,prefix,31570910
brom,prefix,Greek,prefix,6055064
bromat,prefix,Greek,prefix,49922
broncho,prefix,Greek,prefix,709242
bront,prefix,Greek,prefix,706947
brot,prefix,Greek,prefix,61311192
brownish,prefix,Unspecified,prefix,337437
bryo,prefix,Greek,prefix,460679
bryo,prefix,Greek,suffix,2146623
bryo,suffix,Unspecified,prefix,460679
bryo,suffix,Unspecified,suffix,2146623
bucc,prefix,Latin,prefix,2102662
bulb,prefix,Latin,prefix,10450283
built,suffix,Unspecified,suffix,64734967
bull,prefix,Latin,prefix,71899814
bursa,prefix,Latin,prefix,1658408
butyr,prefix,Greek,prefix,214069
byss,prefix,Greek,prefix,83302
by,suffix,Unspecified,suffix,3651408115
caco,prefix,Greek,prefix,473931
cad,prefix,Latin,prefix,34926237
cade,suffix,Unspecified,suffix,34357066
caed,prefix,Latin,prefix,192489
calor,prefix,Latin,prefix,9244894
calic,prefix,Latin,prefix,1376218
calli,prefix,Greek,prefix,33837519
calci,prefix,"Latin, Greek",prefix,11313782
cald,prefix,Unspecified,prefix,6331852
calv,prefix,Latin,prefix,11588338
calyp,prefix,Greek,prefix,1285386
camer,prefix,Latin,prefix,169558827
camisi,prefix,Latin,prefix,0
camp,prefix,Latin,prefix,201312598
candid,prefix,Unspecified,prefix,48409994
canis,prefix,Latin,prefix,2419550
can,prefix,Greek,prefix,1871997196
can,prefix,Latin,prefix,1871997196
cand,prefix,Latin,prefix,92900159
capill,prefix,Unspecified,prefix,1543901
capitul,prefix,Unspecified,prefix,363447
capit,prefix,Latin,prefix,97664572
capn,prefix,Greek,prefix,72445
capr,prefix,Latin,prefix,9470805
caps,prefix,Latin,prefix,22623305
capt,prefix,Latin,prefix,67928010
carbon,prefix,Latin,prefix,24556179
carcer,prefix,Latin,prefix,0
carcin,prefix,"Latin, Greek",prefix,6334937
cardia,prefix,Greek,prefix,5848909
cardin,prefix,Latin,prefix,10786522
carni,prefix,Latin,prefix,9118337
carpo,prefix,Unspecified,prefix,1509854
carp,prefix,Greek,prefix,30820865
cart,prefix,Unspecified,prefix,255438609
cast,prefix,Latin,prefix,85889294
cast,prefix,Latin,suffix,121930077
cast,suffix,Unspecified,prefix,85889294
cast,suffix,Unspecified,suffix,121930077
cata,prefix,Greek,prefix,121778754
caten,prefix,Latin,prefix,403420
cathar,prefix,Greek,prefix,2007661
cata,prefix,Unspecified,prefix,121778754
cauda,prefix,Latin,prefix,649631
cauld,prefix,Unspecified,prefix,713984
cause,prefix,Latin,prefix,117202269
caust,prefix,Greek,prefix,709627
caut,prefix,Unspecified,prefix,12118720
cav,prefix,Latin,prefix,34316193
ced,prefix,Latin,prefix,16020644
ceipt,suffix,Unspecified,suffix,14513169
celebr,prefix,Unspecified,prefix,73151872
cel,prefix,Latin,prefix,315783911
cele,suffix,Unspecified,suffix,343170
celer,prefix,Latin,prefix,4134892
celli,suffix,Unspecified,suffix,1123397
cell,prefix,Unspecified,prefix,196532295
cen,prefix,Greek,prefix,741769469
cen,prefix,Greek,prefix,741769469
cen,prefix,Greek,prefix,741769469
cens,prefix,Latin,prefix,32246892
cente,prefix,Latin,prefix,347035848
centesis,suffix,Unspecified,suffix,177767
centen,prefix,Latin,prefix,4092556
centesim,prefix,Latin,prefix,0
centri,prefix,Greek,prefix,6643279
cephali,prefix,Greek,prefix,137583
ceram,prefix,Greek,prefix,14417333
cerat,prefix,Greek,prefix,102817
cerebra,prefix,Unspecified,prefix,3478606
cern,prefix,Latin,prefix,4282242
certa,prefix,Latin,prefix,103734535
cervico,prefix,Latin,prefix,0
cess,suffix,Unspecified,suffix,492562970
ceter,prefix,Latin,prefix,722199
chaet,prefix,Greek,prefix,65731
champ,prefix,Unspecified,prefix,61668398
chand,prefix,Unspecified,prefix,12305738
chart,prefix,Unspecified,prefix,90430541
char,prefix,Unspecified,prefix,561939060
chast,prefix,Unspecified,prefix,2138859
chelon,prefix,Greek,prefix,86941
cheli,prefix,Unspecified,prefix,72230
chemi,prefix,Unspecified,prefix,85984160
child,prefix,Unspecified,prefix,359388652
chiro,prefix,Greek,prefix,6040239
chloro,prefix,Greek,prefix,3165565
chole,prefix,Unspecified,prefix,10707112
chondri,prefix,Greek,prefix,169219
chord,prefix,"Latin, Greek",prefix,8404944
choreo,prefix,Greek,prefix,2251009
chres,prefix,Greek,prefix,61610
chromato,prefix,Greek,prefix,3012338
chrona,prefix,Greek,prefix,0
chrysa,prefix,Greek,prefix,1013685
ch,suffix,Unspecified,suffix,4897222573
cian,suffix,Unspecified,suffix,47798364
cide,prefix,Unspecified,prefix,2078165
cili,prefix,Latin,prefix,821815
cil,suffix,Unspecified,suffix,124161180
ciner,prefix,Latin,prefix,515724
cing,prefix,Latin,prefix,5808686
circ,prefix,Latin,prefix,132941466
circum,prefix,Latin,prefix,31502355
cirro,prefix,Latin,prefix,0
cis,prefix,Unspecified,prefix,37346873
cit,prefix,Latin,prefix,584274632
civil,prefix,Latin,prefix,71004593
clad,prefix,Greek,prefix,4010795
clad,prefix,Greek,suffix,2541224
clad,suffix,Unspecified,prefix,4010795
clad,suffix,Unspecified,suffix,2541224
clam,prefix,Latin,prefix,11503348
clar,prefix,Latin,prefix,84643603
clase,suffix,Unspecified,suffix,787490
class,prefix,Unspecified,prefix,478665898
clast,prefix,Greek,prefix,273068
claud,prefix,Latin,prefix,9602860
clav,prefix,Greek,prefix,1680240
cleisto,prefix,Greek,prefix,0
cleithr,prefix,Greek,prefix,0
clement,prefix,Latin,prefix,4720291
cle,prefix,Greek,prefix,365515518
icle,suffix,Unspecified,suffix,256515885
clim,prefix,Unspecified,prefix,53919074
clino,prefix,Latin,prefix,97625
close,prefix,Unspecified,prefix,205371845
coagu,prefix,Unspecified,prefix,1051688
cocci,prefix,Greek,prefix,361296
cochl,prefix,Greek,prefix,643797
coct,suffix,Unspecified,suffix,95345
coel,prefix,Greek,prefix,779286
cogit,prefix,Unspecified,prefix,247638
cognit,prefix,Latin,prefix,10552798
cold,suffix,Unspecified,suffix,41058076
col,prefix,Latin,prefix,1188488884
col,prefix,Latin,prefix,1188488884
coll,prefix,Latin,prefix,611599403
color,prefix,Latin,prefix,211291378
colous,suffix,Unspecified,suffix,0
commun,prefix,Unspecified,prefix,479193760
compar,prefix,Unspecified,prefix,300105753
comput,prefix,Unspecified,prefix,413265555
com,prefix,Latin,prefix,4691782155
consul,prefix,Unspecified,prefix,122807730
convex,suffix,Unspecified,suffix,1898498
coni,prefix,Greek,prefix,2715398
con,prefix,Latin,prefix,5167131230
condi,prefix,Latin,prefix,275788056
constitut,prefix,Unspecified,prefix,75810131
contra,prefix,Latin,prefix,199016989
copi,prefix,Latin,prefix,45222536
copro,prefix,Greek,prefix,330505
copul,prefix,Latin,prefix,366343
cor,prefix,Latin,prefix,680510118
corac,prefix,Greek,prefix,69925
core,suffix,Unspecified,suffix,172913833
cori,prefix,Latin,prefix,7902172
corn,prefix,Latin,prefix,84265988
coron,prefix,Latin,prefix,11586189
corpor,prefix,Latin,prefix,173704022
cortici,prefix,Latin,prefix,0
cort,prefix,Unspecified,prefix,12482906
cosmi,prefix,Greek,prefix,4677652
cosmet,prefix,Greek,prefix,20416263
cost,prefix,Latin,prefix,317686690
cotyl,prefix,Greek,prefix,124612
counter,prefix,Unspecified,prefix,63628785
court,prefix,Unspecified,prefix,175214885
cour,prefix,Unspecified,prefix,446389029
ocracy,suffix,Greek,suffix,21730636
cranio,prefix,Greek,prefix,627449
crass,prefix,Latin,prefix,774861
cret,prefix,Unspecified,prefix,3601543
creat,prefix,Latin,prefix,396096048
cred,prefix,Latin,prefix,236147987
crepid,prefix,Greek,prefix,0
cresc,prefix,Latin,prefix,5835608
cribr,prefix,Latin,prefix,0
cric,prefix,Greek,prefix,15885430
crimin,prefix,Unspecified,prefix,39923086
crine,suffix,Unspecified,suffix,2255009
crisp,prefix,Latin,prefix,6277379
crist,prefix,Latin,prefix,4996937
crit,prefix,Greek,prefix,133096463
crosso,prefix,Greek,prefix,3203341
cruci,prefix,Latin,prefix,13583391
crur,prefix,Latin,prefix,13348
crus,prefix,Latin,prefix,19210054
cryo,prefix,Unspecified,prefix,2350527
crypta,prefix,Greek,prefix,169579
crystallo,prefix,Unspecified,prefix,1019992
cry,suffix,Latin,suffix,13421815
cten,prefix,Greek,prefix,0
cub,prefix,Latin,prefix,44453726
molecule,prefix,Latin,prefix,10088633
culin,prefix,Latin,prefix,4484571
culti,prefix,Latin,prefix,8406883
culus,suffix,Unspecified,suffix,5961367
culp,prefix,Latin,prefix,2696094
cumula,prefix,Latin,prefix,6923145
cune,prefix,Latin,prefix,531064
cupro,prefix,Unspecified,prefix,23366
cura,prefix,Latin,prefix,5635740
corr,prefix,Latin,prefix,201635618
curv,prefix,Latin,prefix,22526679
cuspid,prefix,Latin,prefix,66401
custom,prefix,Unspecified,prefix,394093223
cuta,prefix,Latin,prefix,1104306
cut,suffix,Unspecified,suffix,97887717
cyano,prefix,Greek,prefix,831799
cyber,prefix,Unspecified,prefix,21423626
cyclo,prefix,Greek,prefix,7981659
cylindr,prefix,Greek,prefix,1466450
cyno,prefix,Greek,prefix,371211
cysto,prefix,Greek,prefix,84342
cyto,prefix,Greek,prefix,13057120
cy,suffix,Unspecified,suffix,1314485478
dacry,prefix,Greek,prefix,22988
dactylo,prefix,Greek,prefix,48395
damn,prefix,"Latin, Greek",prefix,14816826
day,prefix,Unspecified,prefix,780410872
da,prefix,Greek,prefix,3101944943
deaf,suffix,Unspecified,suffix,5774245
deb,prefix,Latin,prefix,173888612
decis,prefix,Latin,prefix,105530961
deca,prefix,"Latin, Greek",prefix,42289380
decor,prefix,Latin,prefix,48764118
deep,suffix,Unspecified,suffix,54575508
del,prefix,Latin,prefix,545517938
delic,suffix,Unspecified,suffix,1811272
delt,prefix,Greek,prefix,29711018
demi,prefix,Unspecified,prefix,5965720
demono,prefix,Greek,prefix,106372
demo,prefix,Greek,prefix,168442802
denti,prefix,Unspecified,prefix,15502773
den,prefix,Latin,prefix,229032034
dendri,prefix,Greek,prefix,1012980
dens,prefix,Latin,prefix,28125616
dent,prefix,Latin,prefix,47883035
deris,prefix,Unspecified,prefix,356168
derma,prefix,Greek,prefix,6995901
despot,prefix,Greek,prefix,664155
dei,prefix,Unspecified,prefix,10132139
deutero,prefix,Greek,prefix,1582134
dexi,prefix,Greek,prefix,291030
dexter,prefix,Latin,prefix,3335266
de,prefix,Latin,prefix,6984181960
dilig,prefix,Unspecified,prefix,3599409
disco,prefix,Unspecified,prefix,231416390
dif,prefix,Latin,prefix,403955457
dia,prefix,Greek,prefix,279644413
diacosi,prefix,Greek,prefix,0
dicho,prefix,Unspecified,prefix,885728
dic,prefix,Latin,prefix,136305414
didact,prefix,Greek,prefix,598253
digiti,prefix,Latin,prefix,3448143
dign,prefix,Unspecified,prefix,5483622
dino,prefix,Greek,prefix,7806389
diplo,prefix,Greek,prefix,18937883
dat,prefix,Unspecified,prefix,1173264814
divid,prefix,Unspecified,prefix,35646344
divin,prefix,Unspecified,prefix,24935344
di,prefix,Greek,prefix,4845585391
docu,prefix,Unspecified,prefix,235639520
doc,prefix,"Latin, Greek",prefix,372809027
dodeca,prefix,Greek,prefix,184070
dogm,prefix,Unspecified,prefix,1795603
dolicho,prefix,Greek,prefix,33399
dol,prefix,Latin,prefix,139831205
dom,suffix,Unspecified,suffix,201833581
dom,suffix,Unspecified,prefix,223498065
domin,prefix,Latin,prefix,57110992
domit,prefix,Latin,prefix,111411
dom,prefix,Latin,suffix,201833581
dom,prefix,Latin,prefix,223498065
done,suffix,Unspecified,suffix,114083082
donat,prefix,Latin,prefix,50857199
dorm,prefix,Latin,prefix,6008443
dorsi,prefix,Latin,prefix,71291
double,prefix,Latin,prefix,88059270
down,prefix,Unspecified,prefix,638434462
do,prefix,Greek,prefix,3630899136
dra,prefix,Greek,prefix,256933230
drach,prefix,Greek,prefix,403568
dram,prefix,Greek,prefix,40221350
dros,prefix,Greek,prefix,3003095
dry,prefix,Greek,prefix,48701509
doubt,prefix,Latin,prefix,27107377
du,prefix,Latin,prefix,809774066
duct,prefix,Latin,prefix,6118467
duodeci,prefix,Unspecified,prefix,30105
duo,prefix,Unspecified,prefix,8759939
dulce,prefix,Latin,prefix,702575
dura,prefix,Latin,prefix,39223793
dy,prefix,Greek,prefix,110394759
dynamo,prefix,Greek,prefix,1213789
dys,prefix,Greek,prefix,13508584
eae,suffix,Unspecified,suffix,4136108
ean,suffix,Unspecified,suffix,396319421
east,prefix,Unspecified,prefix,198173991
ecclesi,prefix,Greek,prefix,2428718
echino,prefix,Unspecified,prefix,353033
ech,prefix,Greek,prefix,30890851
eco,prefix,Greek,prefix,251478363
ectasia,suffix,Unspecified,suffix,104298
ecto,prefix,Greek,prefix,1290498
ectomy,suffix,Unspecified,suffix,3846855
ecumen,prefix,Unspecified,prefix,1186041
ec,prefix,Greek,prefix,376030923
edif,prefix,Unspecified,prefix,1443337
ed,prefix,Latin,prefix,1026089554
ed,prefix,Latin,suffix,16950747438
ied,suffix,Unspecified,suffix,676910570
ued,suffix,Unspecified,suffix,115614401
ed,suffix,Unspecified,prefix,1026089554
ed,suffix,Unspecified,suffix,16950747438
d,suffix,Unspecified,suffix,47335849371
ee,suffix,Unspecified,suffix,2802423783
een,suffix,Irish,suffix,1413138465
eer,suffix,Unspecified,suffix,215742940
ego,prefix,"Latin, Greek",prefix,6505792
eg,prefix,Greek,prefix,143756565
eigen,prefix,German,prefix,3859043
eiren,prefix,Greek,prefix,19827
elasto,prefix,Unspecified,prefix,1040640
electro,prefix,Greek,prefix,228423834
elem,prefix,Greek,prefix,109439665
elig,prefix,Unspecified,prefix,47240459
elle,suffix,Latin,suffix,51500310
ellum,suffix,Unspecified,suffix,1652790
em,prefix,Latin,prefix,1225106693
eme,prefix,Greek,prefix,95635393
eme,prefix,Greek,suffix,130718860
eme,suffix,Unspecified,prefix,95635393
eme,suffix,Unspecified,suffix,130718860
emul,prefix,Latin,prefix,12271300
endo,suffix,Unspecified,suffix,23044388
endo,suffix,Unspecified,prefix,40800174
end,suffix,Unspecified,suffix,949512813
ene,suffix,Unspecified,suffix,139655404
enantio,prefix,Greek,prefix,279705
ence,suffix,Unspecified,suffix,1243428945
encephalo,prefix,Greek,prefix,593983
endo,prefix,Greek,suffix,23044388
endo,prefix,Greek,prefix,40800174
engy,prefix,Greek,prefix,0
ennea,prefix,Greek,prefix,169166
enne,suffix,Unspecified,suffix,12832000
ennium,suffix,Unspecified,suffix,9364881
ense,suffix,Unspecified,suffix,237885045
ensi,prefix,Latin,prefix,1638259
entero,prefix,Greek,prefix,1079031
entomo,prefix,Greek,prefix,1772794
ento,prefix,Unspecified,prefix,3008381
ent,suffix,Latin,suffix,6239796416
en,prefix,Greek,prefix,3032934975
en,prefix,Greek,suffix,5800958828
en,suffix,Unspecified,prefix,3032934975
en,suffix,Unspecified,suffix,5800958828
en,suffix,Unspecified,prefix,3032934975
en,suffix,Unspecified,suffix,5800958828
en,suffix,Unspecified,prefix,3032934975
en,suffix,Unspecified,suffix,5800958828
eo,prefix,Greek,prefix,17693415
eous,suffix,Unspecified,suffix,73741707
epi,prefix,Greek,prefix,96404932
equa,prefix,Unspecified,prefix,93836324
eque,prefix,Latin,prefix,3222284
ere,prefix,Greek,prefix,14779142
erel,suffix,Unspecified,suffix,1194690
ergo,prefix,Greek,prefix,6134469
erly,suffix,Unspecified,suffix,82680944
ern,suffix,Unspecified,suffix,404622356
eroto,prefix,Greek,prefix,37118
err,prefix,Latin,prefix,143118068
ery,suffix,Unspecified,suffix,1225902703
erythro,prefix,Greek,prefix,1821545
er,suffix,Unspecified,suffix,17892444899
er,suffix,Unspecified,suffix,17892444899
escence,suffix,Unspecified,suffix,11748525
escent,suffix,Unspecified,suffix,21816825
esce,suffix,Unspecified,suffix,517779
ese,suffix,Unspecified,suffix,723564767
esiac,suffix,Unspecified,suffix,96706
esic,suffix,Unspecified,suffix,1245173
esis,suffix,Unspecified,suffix,50820494
esque,suffix,Unspecified,suffix,5196853
ess,suffix,Unspecified,suffix,2728075481
estim,prefix,Unspecified,prefix,97380211
est,suffix,Unspecified,suffix,2033146009
esth,prefix,Latin,prefix,4246711
eso,prefix,Greek,prefix,5733444
es,suffix,Unspecified,suffix,18815317340
ete,suffix,Unspecified,suffix,254003697
ethic,prefix,Greek,prefix,30298783
eth,suffix,Unspecified,suffix,86240729
etic,suffix,Unspecified,suffix,110392241
ethm,prefix,Greek,prefix,37633
ethna,prefix,Greek,prefix,0
etym,prefix,Greek,prefix,1090328
ette,suffix,Unspecified,suffix,110280491
eu,prefix,Greek,prefix,378007496
eury,prefix,Greek,prefix,522866
eur,suffix,Unspecified,suffix,175398889
exampl,prefix,Unspecified,prefix,169419234
exempt,prefix,Unspecified,prefix,19304394
exo,prefix,Greek,prefix,21152295
extero,prefix,Latin,prefix,0
extrem,prefix,Latin,prefix,63673026
ex,prefix,Latin,prefix,3017579663
eye,prefix,Unspecified,prefix,125348828
e,suffix,Unspecified,suffix,102736597698
fa,prefix,Latin,prefix,2864716264
fab,prefix,Latin,prefix,52533865
faci,prefix,Latin,prefix,173703219
falc,prefix,Latin,prefix,9244019
fallac,prefix,Latin,prefix,1291541
famili,prefix,Latin,prefix,69734123
familial,prefix,Unspecified,prefix,1181550
fam,prefix,Unspecified,prefix,375832918
fasc,prefix,Latin,prefix,12940187
fatigue,prefix,Unspecified,prefix,5433618
fatu,prefix,Latin,prefix,111044
faul,prefix,Unspecified,prefix,21043427
fav,prefix,Unspecified,prefix,182126563
febri,prefix,Unspecified,prefix,228433
feder,prefix,Latin,prefix,123083705
fed,suffix,Unspecified,suffix,26035975
feli,prefix,Latin,prefix,10598230
felic,prefix,Latin,prefix,3278427
fell,prefix,Latin,prefix,51409480
femin,prefix,Latin,prefix,11180326
femor,prefix,Latin,prefix,730220
femto,prefix,Unspecified,prefix,186380
fend,prefix,Latin,prefix,7052494
fenestr,prefix,Latin,prefix,119408
ferm,prefix,Unspecified,prefix,5794483
ferv,prefix,Latin,prefix,1141519
fer,prefix,Latin,prefix,82879800
feroc,prefix,Latin,prefix,847023
ferri,prefix,Latin,prefix,5723580
fess,suffix,Unspecified,suffix,2596489
fest,prefix,Unspecified,prefix,50420441
fet,prefix,Latin,prefix,35025668
fibre,prefix,Unspecified,prefix,7056948
fic,prefix,Latin,prefix,61400813
fida,prefix,Latin,prefix,156332
fid,suffix,Unspecified,suffix,6523913
field,suffix,Unspecified,suffix,238180105
fig,prefix,Latin,prefix,221690145
fila,prefix,Latin,prefix,2867350
fili,prefix,Latin,prefix,26974422
find,prefix,Latin,prefix,617287994
fin,prefix,Latin,prefix,1331908151
fire,prefix,Unspecified,prefix,175241216
firm,prefix,Latin,prefix,81806866
fissi,prefix,Unspecified,prefix,1151107
fistul,prefix,Latin,prefix,592207
fix,prefix,Latin,prefix,109824471
fl,prefix,Latin,prefix,1212168718
flacc,prefix,Latin,prefix,167744
flagell,prefix,Latin,prefix,502688
flagr,prefix,Unspecified,prefix,693254
flam,prefix,Unspecified,prefix,22274654
flation,suffix,Unspecified,suffix,9282750
flavo,prefix,Latin,prefix,16489717
flect,prefix,Latin,prefix,74018
flig,prefix,Latin,prefix,73296143
flop,suffix,Unspecified,suffix,2878591
flore,prefix,Latin,prefix,14201227
fluctu,prefix,Latin,prefix,5580357
foc,prefix,Latin,prefix,113439257
fod,prefix,Latin,prefix,3153007
foen,prefix,Latin,prefix,22002
fold,suffix,Unspecified,suffix,19200794
foli,prefix,Latin,prefix,6559849
font,prefix,Latin,prefix,48163534
fore,prefix,Unspecified,prefix,245781136
forma,suffix,Unspecified,suffix,3984025
formid,prefix,Unspecified,prefix,1316880
formic,prefix,Latin,prefix,441131
form,prefix,Latin,prefix,593138354
fornic,prefix,Latin,prefix,328657
fortuna,prefix,Unspecified,prefix,8290861
fort,prefix,Latin,prefix,105776648
for,suffix,Unspecified,suffix,5939113024
found,prefix,Unspecified,prefix,341485120
fove,prefix,Latin,prefix,126865
frag,prefix,Latin,prefix,33465776
frater,prefix,Latin,prefix,3978206
free,prefix,Unspecified,prefix,1165052437
fric,prefix,Latin,prefix,4573518
frig,prefix,Latin,prefix,7841447
fronto,prefix,Latin,prefix,70521
fructi,prefix,Latin,prefix,16631
fruit,prefix,Unspecified,prefix,35266320
frustra,prefix,Unspecified,prefix,10181028
fug,prefix,Latin,prefix,4048790
full,prefix,Unspecified,prefix,371794038
fulmin,prefix,Latin,prefix,99538
fum,prefix,Latin,prefix,5544022
fund,prefix,Latin,prefix,224064693
fund,prefix,Latin,prefix,224064693
fungi,prefix,Unspecified,prefix,2939394
fung,prefix,Latin,prefix,6895621
fur,prefix,Latin,prefix,240655051
furc,prefix,Latin,prefix,135699
fusc,prefix,Latin,prefix,602481
fuse,prefix,Unspecified,prefix,7213063
fy,suffix,Unspecified,suffix,202361569
gain,prefix,Unspecified,prefix,62098972
galacta,prefix,Greek,prefix,0
galvano,prefix,Unspecified,prefix,30861
gamo,prefix,Greek,prefix,183785
gamb,prefix,Latin,prefix,40349650
gamm,prefix,Greek,prefix,36794865
gar-,prefix,Latin,prefix,0
gargal,prefix,Greek,prefix,0
gargar,prefix,Greek,prefix,0
gastro,prefix,Greek,prefix,6714868
gate,suffix,Unspecified,suffix,92679193
geo,prefix,Greek,prefix,239401413
geiton,prefix,Greek,prefix,0
gel,prefix,Latin,prefix,19635854
gemin,prefix,Unspecified,prefix,3349163
gemmi,prefix,Unspecified,prefix,36366
geno,prefix,Latin,prefix,23192274
gene-,prefix,"Latin, Greek",prefix,0
gephyr,prefix,Greek,prefix,53873
geront,prefix,Greek,prefix,993921
ger,prefix,Latin,prefix,197504812
geran,prefix,Greek,prefix,875453
germa,prefix,Latin,prefix,153359068
gest,prefix,Unspecified,prefix,8229421
geu,prefix,Greek,prefix,293357
gigant,prefix,Unspecified,prefix,2673535
giga,prefix,Greek,prefix,12106686
gin,prefix,Unspecified,prefix,21860068
glabr,prefix,Latin,prefix,310297
glacio,prefix,Latin,prefix,99791
gladi,prefix,Latin,prefix,2153788
glauc,prefix,Greek,prefix,1558197
glia,prefix,Greek,prefix,570419
glob,prefix,Latin,prefix,129695007
glori,prefix,Latin,prefix,10534250
glosso,prefix,Greek,prefix,280851
gluco,prefix,Unspecified,prefix,8776303
glut,prefix,Greek,prefix,6699501
glutin,prefix,Latin,prefix,96332
glyco,prefix,Greek,prefix,5077709
glyph,prefix,Greek,prefix,1336104
glypto,prefix,Unspecified,prefix,13496
gnath,prefix,Greek,prefix,0
gno,prefix,Greek,prefix,15762182
gnosc,prefix,Latin,prefix,0
god,prefix,Unspecified,prefix,146303724
gonio,prefix,Greek,prefix,45452
gony,suffix,Latin,suffix,1725673
good,prefix,Unspecified,prefix,452928438
gorg,prefix,Unspecified,prefix,11247480
grac,prefix,Unspecified,prefix,27774623
grad,prefix,Latin,prefix,171063089
gramm,prefix,Greek,prefix,13889816
granulo,prefix,Latin,prefix,929949
gran,prefix,Latin,prefix,227554028
grand,prefix,Latin,prefix,94928329
grapho,prefix,Greek,prefix,57983
grat,prefix,Latin,prefix,62277537
gravi,prefix,Latin,prefix,11187518
greg,prefix,Latin,prefix,29577308
griev,prefix,Unspecified,prefix,6639985
ground,suffix,Unspecified,suffix,140904712
grown,suffix,Unspecified,suffix,15587036
gryp,prefix,Greek,prefix,535132
gubern,prefix,Latin,prefix,549078
gust,prefix,Latin,prefix,7603874
gutt,prefix,Latin,prefix,3850426
guttur,prefix,Latin,prefix,103216
gymno,prefix,Greek,prefix,120380
gyna,prefix,Greek,prefix,837434
gyra,prefix,Greek,prefix,529951
gyrin,prefix,Greek,prefix,0
habit,prefix,Latin,prefix,29692842
hadr,prefix,Greek,prefix,1499911
haemato,prefix,Greek,prefix,641323
haere,prefix,Greek,prefix,28635
hagio,prefix,Unspecified,prefix,57734
halo,prefix,Greek,prefix,10059317
hal,prefix,Latin,prefix,232617103
hand,prefix,Unspecified,prefix,398290006
haplo,prefix,Greek,prefix,1058660
hapt,prefix,Unspecified,prefix,604004
hap,prefix,Unspecified,prefix,169483175
harb,prefix,Unspecified,prefix,26698672
hard,prefix,Unspecified,prefix,340410607
harm,prefix,Unspecified,prefix,42485678
haur,prefix,Latin,prefix,205271
haut,prefix,Unspecified,prefix,3413455
head,prefix,Unspecified,prefix,293110953
hale,prefix,Unspecified,prefix,7147111
heart,prefix,Unspecified,prefix,120693198
heavy,prefix,Unspecified,prefix,39906721
heb- ,prefix,Greek,prefix,0
hecto,prefix,Unspecified,prefix,1906690
hed,prefix,Greek,prefix,13074876
heg,prefix,Greek,prefix,2579485
held,suffix,Unspecified,suffix,92578900
helio,prefix,Greek,prefix,1387076
helico,prefix,Greek,prefix,9069431
helminth,prefix,Greek,prefix,135228
helot,prefix,Greek,prefix,63482
hemer,prefix,Greek,prefix,216327
hemi,prefix,Greek,prefix,5548432
hemato,prefix,Greek,prefix,2956311
hen,prefix,Greek,prefix,122507068
hendec,prefix,Greek,prefix,0
hend,suffix,Unspecified,suffix,3668710
hepato,prefix,Greek,prefix,1721781
hepta,prefix,Greek,prefix,241347
hered,prefix,Latin,prefix,1924728
herald,prefix,Latin,prefix,13703852
herba,prefix,Latin,prefix,13582047
here,prefix,Latin,prefix,676748473
heres,prefix,Greek,prefix,1942682
herm,prefix,Greek,prefix,14872286
hero,prefix,Greek,prefix,33903595
herp,prefix,Greek,prefix,4393083
hetero,prefix,Greek,prefix,8081628
heur,prefix,Greek,prefix,2570593
hewn,suffix,Unspecified,suffix,265994
hexa,prefix,Greek,prefix,3258569
hibern,prefix,Latin,prefix,2043165
hidrot,prefix,Greek,prefix,0
hiem,prefix,Latin,prefix,32308
hiera,prefix,Greek,prefix,10756099
highly,prefix,Unspecified,prefix,42857273
hind,prefix,Unspecified,prefix,20776611
hippo,prefix,Greek,prefix,3456563
hirsut,prefix,Latin,prefix,640638
hispid,prefix,Latin,prefix,49320
histo,prefix,Greek,prefix,305532230
histri,prefix,Latin,prefix,121599
hi,prefix,Latin,prefix,2548244804
hodo,prefix,Greek,prefix,76854
holi,prefix,Greek,prefix,133532579
aholic,suffix,Unspecified,suffix,308021
homo,prefix,Greek,prefix,24662700
homal,prefix,Greek,prefix,0
homeo,prefix,Greek,prefix,13683185
homin,prefix,Latin,prefix,1341963
homoe,prefix,Greek,prefix,407494
honor,prefix,Latin,prefix,38183072
hood,suffix,Unspecified,suffix,69687208
hor,prefix,Greek,prefix,217673032
hormon,prefix,Greek,prefix,12587068
horr,prefix,Unspecified,prefix,29120113
hort,prefix,Latin,prefix,7928101
hostil,prefix,Latin,prefix,5715003
hospit,prefix,Latin,prefix,93464073
hot,suffix,Unspecified,suffix,245731720
house,prefix,Unspecified,prefix,332096287
human,prefix,Latin,prefix,201699910
hum,prefix,Latin,prefix,281891251
hyalo,prefix,Greek,prefix,15423
hybr,prefix,Greek,prefix,17026865
hydn,prefix,Greek,prefix,0
hydra,prefix,Greek,prefix,12589004
hygie,prefix,Greek,prefix,6407425
hygri,prefix,Greek,prefix,0
hylo,prefix,Unspecified,prefix,18257
hymeno,prefix,Greek,prefix,274903
hyo,prefix,Greek,prefix,540508
hyper,prefix,Greek,prefix,32735109
hyph,prefix,Greek,prefix,1485679
hypna,prefix,Greek,prefix,0
hypo,prefix,Greek,prefix,24790447
hypso,prefix,Greek,prefix,14939
hys,prefix,Greek,prefix,3950707
hystero,prefix,Greek,prefix,76736
i,suffix,Unspecified,suffix,6033114435
i,suffix,Unspecified,prefix,35545228312
iac,suffix,Unspecified,suffix,22359421
ian,suffix,Unspecified,suffix,937159846
iasis,suffix,Unspecified,suffix,2679158
iast,suffix,Unspecified,suffix,3638977
iation,suffix,Unspecified,suffix,223689740
iative,suffix,Unspecified,suffix,26054642
iatro,prefix,Greek,prefix,112906
ia,suffix,Unspecified,suffix,2118899956
ible,suffix,Unspecified,suffix,475729935
eic,suffix,Unspecified,suffix,4813018
ically,suffix,Unspecified,suffix,219752309
ice,suffix,Unspecified,suffix,2196420663
ician,suffix,Unspecified,suffix,45985373
icon,prefix,"Latin, Greek",prefix,52290573
ichthy,prefix,Greek,prefix,189317
icos,prefix,Greek,prefix,278750
ics,suffix,Unspecified,suffix,1058637909
icter,prefix,Greek,prefix,44092
ichthyo,prefix,Unspecified,prefix,189317
idean,suffix,Unspecified,suffix,929121
ide,suffix,Unspecified,suffix,1198508677
iden,prefix,Unspecified,prefix,167765327
ideo,prefix,Greek,prefix,7161356
idio,prefix,Greek,prefix,11399346
id-,prefix,Greek,prefix,0
idium,suffix,Unspecified,suffix,2210357
ifier,suffix,Unspecified,suffix,25520682
ier,suffix,Unspecified,suffix,308480809
s,suffix,Unspecified,suffix,84468484631
ies,suffix,Unspecified,suffix,3557382823
ie,suffix,Unspecified,suffix,856044442
iff,suffix,Unspecified,suffix,80907835
ify,suffix,Unspecified,suffix,161356963
ign,prefix,Latin,prefix,47634305
ile,suffix,Unspecified,suffix,1037368144
ill,prefix,Unspecified,prefix,172778330
illus,suffix,Unspecified,suffix,3848867
ily,suffix,Unspecified,suffix,510728875
imagin,prefix,Latin,prefix,51622961
imbr,prefix,Latin,prefix,510992
indi,prefix,Unspecified,prefix,523036133
in-,prefix,Latin,prefix,0
ino,suffix,Italian,suffix,151859802
in,suffix,Unspecified,suffix,11849146243
in,suffix,Unspecified,prefix,17849920124
impet,prefix,Unspecified,prefix,1280374
ig-,prefix,Latin,prefix,0
in,prefix,Greek,suffix,11849146243
in,prefix,Greek,prefix,17849920124
ine,suffix,Unspecified,suffix,2334536618
ing,suffix,Unspecified,suffix,16359519491
inan,prefix,Latin,prefix,1054551
infra,prefix,Latin,prefix,40943631
insul,prefix,Latin,prefix,21839481
integr,prefix,Latin,prefix,116339568
intellect,prefix,Unspecified,prefix,23588290
intellig,prefix,Unspecified,prefix,48428904
intero,prefix,Latin,prefix,5297694
intra,prefix,Latin,prefix,21426963
intrin,prefix,Unspecified,prefix,3693248
invid,prefix,Unspecified,prefix,233050
ion,suffix,Unspecified,suffix,11299119808
ionary,suffix,Unspecified,suffix,72302421
ior,suffix,Unspecified,suffix,260386215
iotic,suffix,Unspecified,suffix,9010904
ious,suffix,Unspecified,suffix,514618555
iple,suffix,Unspecified,suffix,97214820
ique,suffix,Unspecified,suffix,151249189
irasc,prefix,Latin,prefix,76255
iride,prefix,Latin,prefix,463119
is,suffix,Unspecified,suffix,9844282923
ischi,prefix,Greek,prefix,367338
iso,prefix,Greek,prefix,59964280
ise,suffix,Unspecified,suffix,608563078
ish,suffix,Unspecified,suffix,761865986
isl,prefix,Unspecified,prefix,228288087
ism,suffix,Unspecified,suffix,241609463
ison,suffix,Unspecified,suffix,129455986
issimo,suffix,Unspecified,suffix,306295
iss,prefix,Unspecified,prefix,339699726
ist,suffix,Unspecified,suffix,1040228008
istic,suffix,Unspecified,suffix,64154168
ite,suffix,Unspecified,suffix,1934892246
iter,prefix,Latin,prefix,8849123
itic,suffix,Unspecified,suffix,10759444
itiner,prefix,Latin,prefix,5109461
itis,suffix,Unspecified,suffix,32601338
itive,suffix,Unspecified,suffix,135645144
itude,suffix,Unspecified,suffix,48446679
ity,suffix,Unspecified,suffix,3174849305
ive,suffix,Unspecified,suffix,2358050965
ization,suffix,Unspecified,suffix,217666304
i,prefix,Greek,suffix,6033114435
i,prefix,Greek,prefix,35545228312
jac,prefix,Latin,prefix,173506203
janu,prefix,Latin,prefix,313137825
joc,prefix,Latin,prefix,8173910
join,prefix,Unspecified,prefix,298564371
journ,prefix,Unspecified,prefix,183586202
judg,prefix,Latin,prefix,72447982
jug,prefix,Latin,prefix,8391137
jung,prefix,Latin,prefix,10877897
junior,prefix,Latin,prefix,31777528
jus,prefix,Latin,prefix,542947310
juv,prefix,Latin,prefix,13336993
juven,prefix,Latin,prefix,12904860
juxta,prefix,Latin,prefix,813569
kerata,prefix,Unspecified,prefix,0
kilo,prefix,Greek,prefix,14918182
kin,suffix,Unspecified,suffix,118901635
kind,suffix,Unspecified,suffix,76256381
kinema,prefix,Greek,prefix,1080924
klepto,prefix,Greek,prefix,78881
knit,suffix,Unspecified,suffix,5152828
klept,prefix,Greek,prefix,78881
kudo,prefix,Greek,prefix,4912593
kypho,prefix,Greek,prefix,82221
illa,suffix,Latin,suffix,77781661
labi,prefix,Latin,prefix,1257830
labor,prefix,Latin,prefix,84565850
lab,prefix,Latin,prefix,244121947
lab,prefix,Greek,prefix,244121947
lacer,prefix,Latin,prefix,478513
lacrim,prefix,Latin,prefix,283790
lacta,prefix,Latin,prefix,3157436
lacuna,prefix,Unspecified,prefix,366126
laevo,prefix,Unspecified,prefix,0
lamino,prefix,Latin,prefix,0
lamp,prefix,Greek,prefix,29626668
land,suffix,Unspecified,suffix,808010640
lane,suffix,Unspecified,suffix,55938975
langu,prefix,Unspecified,prefix,178394058
lang,prefix,Unspecified,prefix,201093534
lapid,prefix,Latin,prefix,543356
larg,prefix,Latin,prefix,287505913
larv,prefix,Latin,prefix,2964203
laryngo,prefix,Unspecified,prefix,245576
lass,prefix,Unspecified,prefix,3701029
later,prefix,Latin,prefix,90690325
lat,prefix,Latin,prefix,453570641
latry,suffix,Unspecified,suffix,361446
laud,prefix,Latin,prefix,10208819
lau,prefix,Latin,prefix,154272315
lax,prefix,Latin,prefix,3536270
le,suffix,Unspecified,suffix,7504400371
lecith,prefix,Greek,prefix,423789
led,prefix,Latin,prefix,57357429
left,prefix,Unspecified,prefix,178303923
leg,prefix,Latin,prefix,334233146
lega,prefix,Unspecified,prefix,168887656
leg- ,prefix,Greek,prefix,0
leg,prefix,Latin,prefix,334233146
leio,prefix,Greek,prefix,129149
lekan,prefix,Greek,prefix,0
lemm,prefix,Unspecified,prefix,6540422
leni,prefix,Latin,prefix,2627294
lent,suffix,Unspecified,suffix,137866864
leon,prefix,Latin,prefix,26983697
lepsis,suffix,Unspecified,suffix,0
lepid,prefix,Greek,prefix,548396
lepsy,suffix,Unspecified,suffix,2991439
lepto,prefix,Unspecified,prefix,884084
less,suffix,Unspecified,suffix,452778393
let,suffix,Latin,suffix,295371373
leuco,prefix,Greek,prefix,340682
leva,prefix,Latin,prefix,1627288
level,suffix,Unspecified,suffix,204425957
lexi,prefix,Unspecified,prefix,14914641
lex,prefix,Greek,prefix,34840872
liber,prefix,Latin,prefix,66616714
libr,prefix,Latin,prefix,206130686
lic,prefix,Unspecified,prefix,190304369
life,prefix,Unspecified,prefix,367654979
ligni,prefix,Unspecified,prefix,501733
lig,prefix,Latin,prefix,247249201
like,suffix,Unspecified,suffix,546219447
limac,prefix,Latin,prefix,0
limno,prefix,Unspecified,prefix,342463
limpa,prefix,Latin,prefix,0
line,prefix,Latin,prefix,416129666
linear,suffix,Unspecified,suffix,27642836
ling,suffix,Unspecified,suffix,889516138
lingu,prefix,Latin,prefix,12002654
linqu,prefix,Latin,prefix,0
lin,prefix,Unspecified,prefix,1287633559
lipa,prefix,Greek,prefix,800138
liqu,prefix,Latin,prefix,38043739
lite,suffix,Unspecified,suffix,81068743
litera,prefix,Latin,prefix,85986811
lithi,prefix,Greek,prefix,5106295
lit,prefix,Greek,prefix,354042415
lit,prefix,Greek,suffix,37822640
lit,suffix,Unspecified,prefix,354042415
lit,suffix,Unspecified,suffix,37822640
li,prefix,Unspecified,prefix,5483102537
loga,prefix,Greek,prefix,7745405
long,prefix,Latin,prefix,345468247
loqu,prefix,Latin,prefix,486152
loco,prefix,Latin,prefix,4627000
lorn,suffix,Unspecified,suffix,473463
lot,prefix,Unspecified,prefix,191368635
love,prefix,Unspecified,prefix,275200938
low,prefix,Unspecified,prefix,335479384
lower,prefix,Unspecified,prefix,82022718
loy,suffix,Unspecified,suffix,18491565
lubric,prefix,Unspecified,prefix,6058028
luc,prefix,Latin,prefix,79565013
lud,prefix,Latin,prefix,8692628
lumin,prefix,Latin,prefix,6017971
luna,prefix,Latin,prefix,8848419
lustr,prefix,Unspecified,prefix,1170846
luteo,prefix,Latin,prefix,0
lu,prefix,Latin,prefix,342241792
lycan,prefix,Greek,prefix,151621
lyo,prefix,Greek,prefix,7411490
ly,suffix,Unspecified,suffix,5965757745
macer,prefix,Latin,prefix,270644
machine,prefix,Unspecified,prefix,121608970
machy,suffix,Unspecified,suffix,50714
macro,prefix,Greek,prefix,30531956
magna,prefix,Latin,prefix,4125245
magneto,prefix,Greek,prefix,2174608
main,prefix,Unspecified,prefix,413248042
maj,prefix,Latin,prefix,172147025
malaco,prefix,Unspecified,prefix,87420
mala,prefix,Latin,prefix,45932501
mamma,prefix,Latin,prefix,9486755
man,suffix,Unspecified,suffix,852774734
man,suffix,Unspecified,prefix,1531490022
mancy,suffix,Unspecified,suffix,385668
mans,prefix,Unspecified,prefix,15662636
manship,suffix,Unspecified,suffix,4494930
mantic,suffix,Unspecified,suffix,17883245
man,prefix,Latin,suffix,852774734
man,prefix,Latin,prefix,1531490022
mana,prefix,Latin,prefix,526796947
mand,prefix,Latin,prefix,40240950
mania,prefix,Unspecified,prefix,5771795
man-,prefix,Latin,prefix,0
mari,prefix,Latin,prefix,165417479
mas,prefix,Latin,prefix,326571515
mater,prefix,Latin,prefix,202142748
maxim,prefix,Latin,prefix,81274739
maxill,prefix,Unspecified,prefix,849849
mechano,prefix,Greek,prefix,68927
medit,prefix,Unspecified,prefix,17152336
medio,prefix,Latin,prefix,3596491
mega,prefix,Greek,prefix,31361333
meio,prefix,Greek,prefix,546543
meister,suffix,Unspecified,suffix,1353668
melani,prefix,Greek,prefix,3245664
melior,prefix,Latin,prefix,33442
meliss,prefix,Greek,prefix,10423009
mell,prefix,Latin,prefix,8883312
melo,prefix,Unspecified,prefix,13208038
memora,prefix,Latin,prefix,26050502
men,prefix,Greek,prefix,435391605
mend,prefix,Latin,prefix,7980775
mening,prefix,Greek,prefix,2070867
menstru,prefix,Latin,prefix,2030044
mensur,prefix,Latin,prefix,37639
mens,prefix,Unspecified,prefix,27755252
ment,prefix,Latin,prefix,118080191
merc,prefix,Latin,prefix,131029414
merge,prefix,Latin,prefix,19439319
merit,prefix,Unspecified,prefix,11198744
mero,prefix,Greek,prefix,968499
mer,prefix,Greek,prefix,240850280
meso,prefix,Greek,prefix,7364359
metallo,prefix,Greek,prefix,761710
meter,prefix,Greek,prefix,38043712
metro,prefix,Greek,prefix,40814625
meta,prefix,Greek,prefix,148641886
mic,prefix,Latin,prefix,420007245
micro,prefix,Greek,prefix,219213907
midi,prefix,Unspecified,prefix,10368388
mid,prefix,"Latin, Greek",prefix,206475590
migra,prefix,Latin,prefix,27043258
milit,prefix,Latin,prefix,79980322
mille,prefix,Latin,prefix,43213217
minor,prefix,Unspecified,prefix,51173551
mim,prefix,Greek,prefix,14037961
mine,prefix,Latin,prefix,64266052
mina,prefix,Latin,prefix,3215527
minth,prefix,Greek,prefix,0
minut,prefix,Unspecified,prefix,139726052
mio,prefix,Greek,prefix,2531350
mir,prefix,Latin,prefix,67492988
misa,prefix,Greek,prefix,2293635
mis,prefix,Unspecified,prefix,399896246
misc,prefix,Latin,prefix,66254781
miser,prefix,Latin,prefix,6065620
mito,prefix,Greek,prefix,5358417
miss,prefix,Latin,prefix,236125012
mn,prefix,Greek,prefix,35177637
mne,prefix,Greek,prefix,2141287
mob,prefix,Latin,prefix,187661698
moder,prefix,Latin,prefix,109956052
mol,prefix,Latin,prefix,79746228
moll,prefix,Latin,prefix,8967900
mon,prefix,Unspecified,prefix,1022524567
monger,suffix,Unspecified,suffix,427318
monious,suffix,Unspecified,suffix,1223090
mono,prefix,Unspecified,prefix,45119496
monil,prefix,Latin,prefix,14383
monstra,prefix,Latin,prefix,0
mont,prefix,Latin,prefix,378521673
mony,suffix,Unspecified,suffix,30951277
moon,prefix,Unspecified,prefix,38307671
morpho,prefix,Greek,prefix,5100009
mor,prefix,Latin,prefix,1873742617
mord,prefix,Latin,prefix,1508790
moron,prefix,Unspecified,prefix,2281253
morph,prefix,Greek,prefix,11712903
mors,prefix,Unspecified,prefix,2979483
mortal,prefix,Latin,prefix,12812781
mount,prefix,Unspecified,prefix,140979863
mov,prefix,Latin,prefix,586754211
mulg,prefix,Latin,prefix,327347
multi,prefix,Latin,prefix,231874072
mund,prefix,Latin,prefix,5641351
muni,prefix,Unspecified,prefix,35790707
mun,prefix,Unspecified,prefix,52351728
mur,prefix,Latin,prefix,69130365
mus,prefix,Latin,prefix,948325648
musc,prefix,Latin,prefix,37432583
mut,prefix,Latin,prefix,49200940
mycet,prefix,Greek,prefix,0
mydr,prefix,Greek,prefix,72344
myelo,prefix,Greek,prefix,1936826
myl,prefix,Greek,prefix,3278373
myo- ,prefix,Greek,prefix,0
myri,prefix,Greek,prefix,2837065
myrmeco,prefix,Greek,prefix,0
mys,prefix,Greek,prefix,118582292
mytho,prefix,Greek,prefix,5300142
myxo,prefix,Greek,prefix,96098
myz,prefix,Greek,prefix,180751
myo,prefix,Greek,prefix,7127747
nano,prefix,Unspecified,prefix,20546018
nap,prefix,Latin,prefix,32261096
nap,prefix,Latin,suffix,12720808
nap,suffix,Unspecified,prefix,32261096
nap,suffix,Unspecified,suffix,12720808
narc,prefix,Greek,prefix,5665189
narr,prefix,Latin,prefix,38531342
nar,prefix,Latin,prefix,58009272
nasc,prefix,Latin,prefix,10476171
naso,prefix,Latin,prefix,819518
nasty,suffix,Unspecified,suffix,10907157
nata,suffix,Unspecified,suffix,5186439
naut,prefix,"Latin, Greek",prefix,6077348
neb,prefix,Latin,prefix,25247304
necro,prefix,Greek,prefix,3257181
nect,suffix,Latin,suffix,53079779
negoti,prefix,Unspecified,prefix,30648155
negat,prefix,Latin,prefix,36481556
nemato,prefix,Greek,prefix,980902
nemor,prefix,Latin,prefix,31181
nepho,prefix,Unspecified,prefix,13579
nerv,prefix,Latin,prefix,18917078
nes,prefix,Greek,prefix,30936808
ness,suffix,Unspecified,suffix,984372842
nether,prefix,Middle English,prefix,32117622
neura,prefix,Greek,prefix,5792933
ne,prefix,Greek,prefix,5222569428
ne,prefix,Greek,prefix,5222569428
nict,prefix,Latin,prefix,54864
nigro,prefix,Latin,prefix,202243
nihil,prefix,Latin,prefix,731367
niv,prefix,Latin,prefix,3270458
nox,prefix,Latin,prefix,2556792
noci,prefix,Latin,prefix,183197
nod,prefix,Latin,prefix,42921997
nomad,prefix,Greek,prefix,2776046
nomen,prefix,Latin,prefix,1724838
nomo,prefix,Greek,prefix,328653
non,prefix,Latin,prefix,348469262
normo,prefix,Latin,prefix,159914
north,prefix,Unspecified,prefix,336101244
noso,prefix,Unspecified,prefix,528960
nost,prefix,Unspecified,prefix,6198799
nota,prefix,Latin,prefix,18099034
n't,suffix,Unspecified,suffix,0
noth,prefix,Greek,prefix,75270557
nour,prefix,Unspecified,prefix,2571924
nov,prefix,Latin,prefix,368192338
noven,prefix,Latin,prefix,170244
novendec,prefix,Latin,prefix,0
nox,prefix,Latin,prefix,2556792
nub,prefix,Latin,prefix,2657341
nuci,prefix,Latin,prefix,78761
nuch,prefix,Latin,prefix,59461
nudi,prefix,Latin,prefix,15813130
nulli,prefix,Latin,prefix,780258
numera,prefix,Latin,prefix,3431684
numisma,prefix,Unspecified,prefix,532106
nunci,prefix,Latin,prefix,65712
nurs,prefix,Unspecified,prefix,77425905
nutri,prefix,Latin,prefix,48232717
nu,prefix,Latin,prefix,908593885
nycto,prefix,Greek,prefix,0
nyst,prefix,Greek,prefix,439322
obel,prefix,Greek,prefix,576734
obol,prefix,Greek,prefix,26044
ocean,prefix,Greek,prefix,49276781
ochl,prefix,Greek,prefix,36210
octa,prefix,Latin,prefix,6260036
octav,prefix,Latin,prefix,3420811
octogen,prefix,Latin,prefix,67305
octogesim,prefix,Latin,prefix,0
octon,prefix,Latin,prefix,0
oculo,prefix,Latin,prefix,117584
ode,suffix,Greek,suffix,435699513
odi,prefix,Latin,prefix,2414981
odonto,prefix,Greek,prefix,122707
odor,prefix,Latin,prefix,5064520
odyn,prefix,Greek,prefix,33909
oec,prefix,Greek,prefix,6413142
oecium,suffix,Unspecified,suffix,21309
oed,prefix,Greek,prefix,1561640
oeno,prefix,Greek,prefix,135271
oesophag,prefix,Greek,prefix,297359
oestr,prefix,Greek,prefix,436328
off,prefix,Unspecified,prefix,1279872019
ogdo,prefix,Greek,prefix,0
oid,suffix,Greek,suffix,100315185
oleo,prefix,Latin,prefix,165715
ole,suffix,Latin,suffix,296231385
olecran,prefix,"Latin, Greek",prefix,15023
oligo,prefix,Greek,prefix,2880478
oliv,prefix,Latin,prefix,30128208
ology,suffix,Unspecified,suffix,503960595
oma,suffix,Greek,suffix,92172385
omas,prefix,Latin,prefix,168297
ombro,prefix,Greek,prefix,0
ome,suffix,Unspecified,suffix,2462726305
oment,prefix,Latin,prefix,56590
omin,prefix,Latin,prefix,879331
ommat,prefix,Greek,prefix,13504
omni,prefix,Latin,prefix,9549303
omphal,prefix,Greek,prefix,82873
ompt,suffix,Unspecified,suffix,9601812
om,prefix,Greek,prefix,84620207
on,suffix,Unspecified,suffix,19029593518
on,suffix,Unspecified,prefix,6329011441
onc,prefix,Greek,prefix,121137435
oneiro,prefix,Greek,prefix,0
oner,prefix,Latin,prefix,557762
one,prefix,Unspecified,prefix,1042495199
oni,prefix,Greek,prefix,11581066
onomat,prefix,Greek,prefix,56573
onto,prefix,Greek,prefix,30268304
onych,prefix,Greek,prefix,44182
onym,prefix,Greek,prefix,23855
on,prefix,Unspecified,suffix,19029593518
on,prefix,Unspecified,prefix,6329011441
oo,prefix,Greek,prefix,41671410
oon,suffix,Unspecified,suffix,217628787
opac,prefix,Latin,prefix,1750667
oper,prefix,Unspecified,prefix,318958117
oper,prefix,Latin,prefix,318958117
ophio,prefix,Greek,prefix,40409
ophthalm,prefix,Greek,prefix,3958939
opia,suffix,Unspecified,suffix,12605080
opistho,prefix,Greek,prefix,0
opsi,prefix,Greek,prefix,71003
opson,prefix,Greek,prefix,14347
opsy,suffix,Unspecified,suffix,3914609
ophthalmo,prefix,Greek,prefix,2866973
opt,prefix,Latin,prefix,371479660
optim,prefix,Latin,prefix,61301471
ops,prefix,Greek,prefix,4855230
opathy,suffix,Unspecified,suffix,5256990
opul,prefix,Unspecified,prefix,623023
op,prefix,Greek,prefix,1404155427
orama,suffix,Unspecified,suffix,5163332
orange,suffix,Unspecified,suffix,37564261
or,suffix,Unspecified,suffix,11466048169
or,suffix,Unspecified,prefix,4027706417
or,suffix,Unspecified,suffix,11466048169
or,suffix,Unspecified,prefix,4027706417
orat,prefix,Latin,prefix,1309666
orbi,prefix,Latin,prefix,16121354
orch,prefix,Greek,prefix,27584457
orches,prefix,Greek,prefix,16011379
ordin,prefix,Latin,prefix,36050458
oreg,prefix,Greek,prefix,37686224
org,prefix,Greek,prefix,343930432
organ,prefix,Greek,prefix,297015878
ori,prefix,Latin,prefix,255993109
ornitho,prefix,Greek,prefix,787912
orn,prefix,Latin,prefix,12543424
oro,prefix,Unspecified,prefix,4324733
orphan,prefix,Greek,prefix,4738415
ortho,prefix,Greek,prefix,20526774
ory,suffix,Unspecified,suffix,1287980166
oryz,prefix,Greek,prefix,651905
or,prefix,Latin,suffix,11466048169
or,prefix,Latin,prefix,4027706417
oscill,prefix,Latin,prefix,6005447
ose,suffix,Unspecified,suffix,827328887
os,suffix,Unspecified,suffix,908911909
osis,suffix,Unspecified,suffix,50971231
osity,suffix,Unspecified,suffix,9687821
osmo,prefix,Greek,prefix,1959339
ossi,prefix,Latin,prefix,937295
osteo,prefix,Greek,prefix,7031236
osti,prefix,Latin,prefix,852823
ostomy,suffix,Unspecified,suffix,809662
ostrac,prefix,Greek,prefix,260216
ostre,prefix,Greek,prefix,456044
oto,prefix,Greek,prefix,2853099
otic,suffix,Greek,suffix,51134770
otomy,suffix,Unspecified,suffix,1502770
ous,suffix,Unspecified,suffix,886394173
out,prefix,Unspecified,prefix,1210590676
out,prefix,Unspecified,suffix,2377675688
out,suffix,Unspecified,prefix,1210590676
out,suffix,Unspecified,suffix,2377675688
over,prefix,English,prefix,777088690
ova,prefix,Latin,prefix,13529057
ovi,prefix,Latin,prefix,2266967
oxi,prefix,Greek,prefix,14550883
oz,prefix,Greek,prefix,42087451
ob,prefix,Latin,prefix,505937314
pachy,prefix,Greek,prefix,127514
pact,prefix,Latin,prefix,2512326
pac,prefix,Latin,prefix,369749226
pae,prefix,Greek,prefix,3358200
paed,prefix,Greek,prefix,1750397
pagin,prefix,Latin,prefix,6672087
pair,suffix,Unspecified,suffix,79740788
palaeo,prefix,Greek,prefix,578032
palin,prefix,Greek,prefix,639677
pall,prefix,Latin,prefix,8378661
palli,prefix,Latin,prefix,2199983
palm,prefix,Latin,prefix,64774207
palp,prefix,Latin,prefix,1264746
palustr,prefix,Latin,prefix,199722
pal,prefix,Latin,prefix,167639509
pand,prefix,Latin,prefix,10312502
panto,prefix,Unspecified,prefix,1839720
pan,prefix,Latin,prefix,245492923
papilla,prefix,Unspecified,prefix,358682
papist,prefix,Unspecified,prefix,112120
para,prefix,Latin,prefix,212354137
parc,prefix,Latin,prefix,12030044
pariet,prefix,Latin,prefix,363979
part,prefix,Latin,prefix,1085628200
partheno,prefix,Greek,prefix,416121
parv,prefix,Latin,prefix,978579
par,prefix,Greek,prefix,1850041143
pasc,prefix,Latin,prefix,5961845
passer,prefix,Latin,prefix,1294239
pater,prefix,Latin,prefix,4220947
patho,prefix,Greek,prefix,18637961
pati,prefix,Latin,prefix,117221239
pat,prefix,Latin,prefix,472308777
pauc,prefix,Latin,prefix,256434
pav,prefix,Latin,prefix,22143729
pearl,prefix,Unspecified,prefix,24238837
pecc,prefix,Latin,prefix,119114
pector,prefix,Latin,prefix,511207
pect,prefix,Greek,prefix,1177649
pecu,prefix,Latin,prefix,3818497
pedia,suffix,Unspecified,suffix,55496223
peda,prefix,Unspecified,prefix,9704015
peda,prefix,Latin,prefix,9704015
peer,prefix,Unspecified,prefix,25594837
peg,prefix,Greek,prefix,11459721
pejor,prefix,Latin,prefix,160859
pelag,prefix,Greek,prefix,710898
pelarg,prefix,Greek,prefix,64241
pell,prefix,Latin,prefix,6348898
pemp,prefix,Greek,prefix,143124
pen,prefix,Unspecified,prefix,268049331
penta,prefix,Greek,prefix,11166593
pend,prefix,Latin,prefix,31835515
penia,prefix,Greek,prefix,0
penna,prefix,Latin,prefix,1547793
pent,prefix,Greek,prefix,29289312
pentacosi,prefix,Greek,prefix,0
pentecont,prefix,Greek,prefix,0
pentecost,prefix,Greek,prefix,1249991
pen,prefix,Latin,prefix,268049331
peper,prefix,Greek,prefix,129503
pepon,prefix,Greek,prefix,0
pept,prefix,Greek,prefix,7244365
person,prefix,Unspecified,prefix,518028325
peran,prefix,Greek,prefix,56057
perdic,prefix,Greek,prefix,18618
peregrin,prefix,Unspecified,prefix,848734
peri,prefix,Greek,prefix,183210400
peri,prefix,Unspecified,prefix,183210400
persic,prefix,Greek,prefix,142966
per,prefix,Latin,prefix,1859573252
per,prefix,Greek,prefix,1859573252
pessim,prefix,Latin,prefix,1321573
peta,prefix,Unspecified,prefix,4991326
petit,prefix,Latin,prefix,29605674
petri,prefix,Greek,prefix,2394176
phaco,prefix,Unspecified,prefix,60379
phae,prefix,Greek,prefix,593721
phago,prefix,Greek,prefix,438839
phalang,prefix,Greek,prefix,85932
phalar,prefix,Greek,prefix,127561
phanero,prefix,Greek,prefix,62968
pharmac,prefix,Greek,prefix,74953525
phase,suffix,Greek,suffix,42658985
phasia,suffix,Unspecified,suffix,290796
pheno,prefix,Unspecified,prefix,18853042
pher,prefix,Greek,prefix,1664607
phe,prefix,Unspecified,prefix,91800757
pheug,prefix,Greek,prefix,0
phila,prefix,Greek,prefix,34787337
phim,prefix,Greek,prefix,440415
phlebo,prefix,Greek,prefix,230679
phlegma,prefix,Greek,prefix,27662
phloe,prefix,Greek,prefix,103388
phobia,prefix,Greek,prefix,1303080
phono,prefix,Greek,prefix,3553772
phos,prefix,Greek,prefix,16038805
phragm,prefix,Greek,prefix,65782
phreno,prefix,Greek,prefix,70739
phryn,prefix,Greek,prefix,68893
phtheg,prefix,Greek,prefix,0
phyco,prefix,Greek,prefix,136081
phyllo,prefix,Greek,prefix,231980
phylo,prefix,Greek,prefix,1719901
phys,prefix,Greek,prefix,168523948
physalid,prefix,Greek,prefix,0
physico,prefix,Unspecified,prefix,348778
physio,prefix,Greek,prefix,18911477
phyte,prefix,Greek,prefix,13808
phyte,prefix,Greek,suffix,412145
phyte,suffix,Unspecified,prefix,13808
phyte,suffix,Unspecified,suffix,412145
pico,prefix,Unspecified,prefix,2767666
picro,prefix,Unspecified,prefix,38113
picto,prefix,Unspecified,prefix,3033639
pic,prefix,Latin,prefix,591740306
piezo,prefix,Greek,prefix,865489
pil,prefix,Latin,prefix,93973107
pin,prefix,Latin,prefix,148492792
pink,suffix,Unspecified,suffix,42327408
ping,prefix,Latin,prefix,9555411
pingu,prefix,Latin,prefix,360712
pir,prefix,Latin,prefix,20493313
pisci,prefix,Latin,prefix,759299
pis,prefix,Greek,prefix,42356247
pithec,prefix,Greek,prefix,0
pi,prefix,Latin,prefix,1326419079
plac,prefix,Latin,prefix,346753316
placo,prefix,Unspecified,prefix,13285
plagio,prefix,Greek,prefix,159330
plana,prefix,Latin,prefix,2563633
plang,prefix,Latin,prefix,0
plasia,suffix,Unspecified,suffix,1909907
plasm,prefix,Greek,prefix,24067690
plasty,suffix,Unspecified,suffix,1913439
plati,prefix,Greek,prefix,17539272
plaud,prefix,Latin,prefix,80629
pleb,prefix,Latin,prefix,388038
plec,prefix,Greek,prefix,263536
plect,prefix,Latin,prefix,104634
pleg,prefix,Greek,prefix,13734
plegia,suffix,Unspecified,suffix,356073
plen,prefix,Latin,prefix,19219489
pleo,prefix,Unspecified,prefix,153395
plesio,prefix,Greek,prefix,0
pleth,prefix,Unspecified,prefix,1029282
pleuro,prefix,Greek,prefix,105116
ple,prefix,Latin,prefix,483486648
plica,prefix,Latin,prefix,328089
plinth,prefix,Greek,prefix,213480
ploitation,suffix,Unspecified,suffix,4247706
plore,prefix,Latin,prefix,52128
plu,prefix,Latin,prefix,195893392
plum,prefix,Latin,prefix,25963854
plumb,prefix,Latin,prefix,11971236
pluri,prefix,Latin,prefix,232409
plurim,prefix,Latin,prefix,0
pluto,prefix,Greek,prefix,3804362
pneumato,prefix,Greek,prefix,0
pnig,prefix,Greek,prefix,0
podi,prefix,Greek,prefix,2792343
pogon,prefix,Greek,prefix,0
poie,prefix,Greek,prefix,30211
poign,prefix,Unspecified,prefix,1072372
pol,prefix,Greek,prefix,970015755
polar,suffix,Unspecified,suffix,11120019
pole,prefix,Greek,prefix,15232263
polem,prefix,Greek,prefix,549078
poli,prefix,Greek,prefix,730462913
politico,prefix,Unspecified,prefix,501281
poli,prefix,Greek,prefix,730462913
poll,prefix,Greek,prefix,82133038
pollic,prefix,Latin,prefix,92291
pollin,prefix,Latin,prefix,4379976
poly,prefix,Greek,prefix,79154710
pomp,prefix,Greek,prefix,3766811
pom,prefix,Unspecified,prefix,11298323
pon,prefix,Latin,prefix,42562008
ponder,prefix,Latin,prefix,3497071
pont,prefix,Latin,prefix,12446261
popul,prefix,Latin,prefix,214128624
por,prefix,Greek,prefix,569747760
porc,prefix,Latin,prefix,14317752
porno,prefix,Greek,prefix,46479348
porphyr,prefix,Greek,prefix,612095
portion,prefix,Latin,prefix,36386389
port,prefix,Latin,prefix,349826896
posit,prefix,Unspecified,prefix,189710899
postulat,prefix,Unspecified,prefix,1096225
poster,prefix,Latin,prefix,79682175
poss,prefix,Unspecified,prefix,194144465
potam,prefix,Greek,prefix,73129
potent,prefix,Unspecified,prefix,82429554
pot,prefix,Latin,prefix,170863392
pov,prefix,Unspecified,prefix,21293827
prae,prefix,Unspecified,prefix,917866
prag,prefix,Greek,prefix,14043998
pras,prefix,Greek,prefix,1343355
prat,prefix,Latin,prefix,5742347
prav,prefix,Latin,prefix,1029040
preci,prefix,Unspecified,prefix,52817625
prec,prefix,Latin,prefix,89372734
pred,prefix,Latin,prefix,67352535
prehend,prefix,Latin,prefix,0
prem,prefix,Latin,prefix,98622446
presby,prefix,Greek,prefix,4184523
preter,prefix,Latin,prefix,636836
preti,prefix,Latin,prefix,55113
pre,prefix,Latin,prefix,1985174674
priap,prefix,Greek,prefix,103995
prima,prefix,Latin,prefix,92519254
princip,prefix,Unspecified,prefix,86328413
prin,prefix,Unspecified,prefix,545566733
priori,prefix,Latin,prefix,48641699
prism,prefix,Greek,prefix,3509462
pris,prefix,Unspecified,prefix,40197261
priv,prefix,Latin,prefix,557726034
pri,prefix,Greek,prefix,2303558922
prob,prefix,Latin,prefix,380837410
proct,prefix,Greek,prefix,2567257
prodig,prefix,Latin,prefix,2375187
prom,prefix,Unspecified,prefix,202024439
prone,suffix,Unspecified,suffix,3265334
proof,suffix,Unspecified,suffix,35302755
prop,prefix,Unspecified,prefix,514113036
proprio,prefix,Latin,prefix,237923
pros,prefix,Greek,prefix,93362991
prosop,prefix,Greek,prefix,43003
prota,prefix,Greek,prefix,1623666
proter,prefix,Greek,prefix,96995
proud,suffix,Unspecified,suffix,17167504
provis,prefix,Unspecified,prefix,65153793
proxim,prefix,Latin,prefix,6744290
pro,prefix,Latin,prefix,5784033509
prud,prefix,Unspecified,prefix,5725996
prun,prefix,Latin,prefix,3254333
psa,prefix,Greek,prefix,9671235
psall,prefix,Greek,prefix,0
psamath,prefix,Greek,prefix,0
psamm,prefix,Greek,prefix,0
pseph,prefix,Greek,prefix,0
pseudo,prefix,Greek,prefix,7055631
psilo,prefix,Greek,prefix,211383
psithyr,prefix,Greek,prefix,0
psittac,prefix,Greek,prefix,98295
psoph,prefix,Greek,prefix,0
psor,prefix,Greek,prefix,1565595
psyche,prefix,Greek,prefix,3308184
psychro,prefix,Greek,prefix,69889
pterido,prefix,Greek,prefix,0
pterid,prefix,Greek,prefix,19489
pto,prefix,Greek,prefix,1874307
ptoch,prefix,Greek,prefix,0
ptosis,suffix,Unspecified,suffix,2147716
pty,prefix,Greek,prefix,9226699
ptych,prefix,Greek,prefix,0
public,prefix,Latin,prefix,486739482
pube,prefix,Latin,prefix,1719612
pude,prefix,Latin,prefix,166173
pug,prefix,Latin,prefix,5586772
pulchr,prefix,Latin,prefix,33621
pulmon,prefix,Latin,prefix,4996238
pulver,prefix,Latin,prefix,496192
pung,prefix,Latin,prefix,482173
pun,prefix,Unspecified,prefix,64519090
pup,prefix,Latin,prefix,38399778
pur,prefix,Latin,prefix,389808645
purg,prefix,Latin,prefix,3078290
purpose,suffix,Unspecified,suffix,65282887
purpur,prefix,Latin,prefix,554320
pute,prefix,Unspecified,prefix,881126
put,prefix,Latin,prefix,161587699
pycno,prefix,Unspecified,prefix,160649
pyel,prefix,Greek,prefix,119552
pyg,prefix,Greek,prefix,1500689
pyl,prefix,Greek,prefix,2623453
pyo,prefix,Unspecified,prefix,1918215
pyre,prefix,Greek,prefix,2132449
pyramid,prefix,Greek,prefix,5536127
pyrrh,prefix,Greek,prefix,140738
py,prefix,Greek,prefix,45555049
quadragesim,prefix,Latin,prefix,0
quadra,prefix,Latin,prefix,5468082
quaint,suffix,Unspecified,suffix,1492208
qual,prefix,Unspecified,prefix,265186422
quarant,prefix,Unspecified,prefix,2000628
quasi,prefix,Latin,prefix,3192166
quatern,prefix,Latin,prefix,963082
quati,prefix,Latin,prefix,0
quer,prefix,Latin,prefix,49007148
quies,prefix,Latin,prefix,410967
quindecim,prefix,Latin,prefix,0
quinden,prefix,Latin,prefix,0
quinque,prefix,Latin,prefix,115346
quint,prefix,Latin,prefix,8069287
quot,prefix,Latin,prefix,224593954
rab,prefix,Unspecified,prefix,24447194
rad,prefix,Latin,prefix,234295809
radia,prefix,Latin,prefix,29856745
radic,prefix,Latin,prefix,12493877
rami,prefix,Latin,prefix,3524444
ran,prefix,Latin,prefix,378890807
ranc,prefix,Latin,prefix,19015867
range,suffix,Unspecified,suffix,197319690
raph,prefix,Greek,prefix,2257208
rapt,prefix,Unspecified,prefix,4239075
rap,prefix,Latin,prefix,123325500
rar,prefix,Latin,prefix,43574270
rat,prefix,Unspecified,prefix,839498364
rauc,prefix,Latin,prefix,729373
rav,prefix,Unspecified,prefix,21199011
recti,prefix,Latin,prefix,3629248
refer,prefix,Unspecified,prefix,279865703
regis,prefix,Unspecified,prefix,374310207
reg,prefix,Latin,prefix,994754356
regul,prefix,Latin,prefix,198967170
relatio,prefix,Unspecified,prefix,158558934
rem,prefix,Latin,prefix,510159209
rend,prefix,Unspecified,prefix,25405063
reni,prefix,Latin,prefix,647889
rep,prefix,Latin,prefix,1363478673
resid,prefix,Latin,prefix,127956052
retro,prefix,Latin,prefix,16551422
reticulo,prefix,Latin,prefix,161450
rever,prefix,Unspecified,prefix,41826572
re,prefix,Latin,prefix,13864113280
rhabdo,prefix,Greek,prefix,234018
rhach,prefix,Greek,prefix,0
rhag,prefix,Greek,prefix,331215
rheo,prefix,Greek,prefix,922914
rhetin,prefix,Greek,prefix,0
rhig,prefix,Greek,prefix,0
rhino,prefix,Greek,prefix,4102283
rhizo,prefix,Greek,prefix,853945
rho,prefix,Greek,prefix,29010015
rhodo,prefix,Greek,prefix,1207123
rhomb,prefix,Greek,prefix,348763
rhyncho,prefix,Greek,prefix,15098
ric,suffix,Unspecified,suffix,247716123
ridi,prefix,Latin,prefix,21130129
right,prefix,Unspecified,prefix,635452057
right,prefix,Unspecified,suffix,700099870
right,suffix,Unspecified,prefix,635452057
right,suffix,Unspecified,suffix,700099870
riparia,prefix,Unspecified,prefix,1624356
arium,suffix,Unspecified,suffix,10207977
riv,prefix,Unspecified,prefix,126787191
robor,prefix,Latin,prefix,87010
rock,prefix,Unspecified,prefix,163473956
rod,prefix,Latin,prefix,44578400
roentgeno,prefix,Unspecified,prefix,74188
rogat,prefix,Latin,prefix,15207
rostr,prefix,Latin,prefix,367836
rota,prefix,Latin,prefix,26058381
rough,prefix,Unspecified,prefix,20273522
round,prefix,Unspecified,prefix,85089238
rou,prefix,Unspecified,prefix,236230680
roy,prefix,Unspecified,prefix,79028546
ruber,prefix,Latin,prefix,140125
rudi,prefix,Latin,prefix,1516855
rug,prefix,Latin,prefix,33156687
rumen,prefix,Latin,prefix,232472
rump,prefix,Latin,prefix,1267376
rur,prefix,Latin,prefix,32180788
rust,prefix,Unspecified,prefix,11401455
ry,suffix,Unspecified,suffix,5697962403
s,suffix,Unspecified,suffix,84468484631
s,suffix,Unspecified,suffix,84468484631
sacchari,prefix,Greek,prefix,262985
sacc,prefix,Greek,prefix,2649181
sacro,prefix,Unspecified,prefix,258490
sacr,prefix,Latin,prefix,37827865
sagac,prefix,Latin,prefix,180337
sagitta,prefix,Latin,prefix,1174546
sali,prefix,Latin,prefix,15439017
salic,prefix,Latin,prefix,714370
salping,prefix,Greek,prefix,16262
salut,prefix,Latin,prefix,3437566
sal,prefix,Latin,prefix,550113855
san,suffix,Unspecified,suffix,194779541
sanct,prefix,Latin,prefix,15855930
sanguin,prefix,Latin,prefix,503476
sanit,prefix,Latin,prefix,9954294
sapi,prefix,Latin,prefix,3658557
sapon,prefix,Latin,prefix,204969
sapphir,prefix,"Greek, Hebrew",prefix,6272215
sapro,prefix,Greek,prefix,35679
sarco,prefix,Latin,prefix,1667961
sartor,prefix,Latin,prefix,483455
satis,prefix,Latin,prefix,59277264
satur,prefix,Unspecified,prefix,83321515
sault,suffix,Unspecified,suffix,11588117
saur,prefix,Greek,prefix,888574
sax,prefix,Latin,prefix,10359102
scab,prefix,Latin,prefix,1097610
scal,prefix,Latin,prefix,79214714
scalen,prefix,Greek,prefix,17299
scand,prefix,Latin,prefix,11639349
scandal,prefix,Greek,prefix,6087585
scap,prefix,Greek,prefix,1626461
scapho,prefix,Greek,prefix,28130
scato,prefix,Greek,prefix,54056
sced,prefix,Greek,prefix,21659
scel,prefix,Greek,prefix,227515
scen,prefix,Greek,prefix,77556151
scept,prefix,Greek,prefix,1770298
schem,prefix,Greek,prefix,50747785
schid,prefix,Greek,prefix,0
scind,prefix,Latin,prefix,17782
schizo,prefix,Unspecified,prefix,3618176
sci,prefix,Latin,prefix,326766791
sclera,prefix,Greek,prefix,139602
scolec,prefix,Greek,prefix,0
scoli,prefix,Greek,prefix,391928
scombr,prefix,Greek,prefix,0
scope,prefix,Greek,prefix,25796095
score,suffix,Unspecified,suffix,71444290
scoto,prefix,Greek,prefix,31103
scrib,prefix,Latin,prefix,4283564
scrupl,prefix,Latin,prefix,233704
scrut,prefix,Unspecified,prefix,4975753
sculp,prefix,Latin,prefix,14240595
scut,prefix,Latin,prefix,680900
scyphi,prefix,Greek,prefix,0
sea,suffix,Unspecified,suffix,78322091
seba,prefix,Latin,prefix,6593797
sec,prefix,Latin,prefix,1096033994
sed,prefix,Latin,prefix,33159062
sedec,prefix,Latin,prefix,0
seget,prefix,Latin,prefix,0
seismo,prefix,Greek,prefix,840723
seleno,prefix,Greek,prefix,79552
self,prefix,Unspecified,prefix,117412761
sella,prefix,Latin,prefix,598162
sema,prefix,Greek,prefix,11622018
sembl,prefix,Unspecified,prefix,584559
semio,prefix,Greek,prefix,633142
semi,prefix,Latin,prefix,76010114
semin,prefix,Latin,prefix,38919185
senti,prefix,Latin,prefix,10276709
sen,prefix,Unspecified,prefix,711759898
septen,prefix,Latin,prefix,36141
septim,prefix,Latin,prefix,127048
septuagen,prefix,Latin,prefix,19431
septuagesim,prefix,Latin,prefix,0
septuagint,prefix,Latin,prefix,858613
sep- ,prefix,Greek,prefix,0
sequ,prefix,Latin,prefix,63637728
seric,prefix,Unspecified,prefix,157723
seri,prefix,Unspecified,prefix,255542041
serot,prefix,Latin,prefix,1977484
sero,prefix,Unspecified,prefix,4381466
serp,prefix,Latin,prefix,3238518
serr,prefix,Latin,prefix,2817353
sert,suffix,Unspecified,suffix,44432821
serv,prefix,Latin,prefix,1430200172
sesqui,prefix,Latin,prefix,200625
set,prefix,Latin,prefix,543934687
sever,prefix,Latin,prefix,141011849
sex,prefix,Latin,prefix,496573311
sexagen,prefix,Latin,prefix,0
sexagesim,prefix,Latin,prefix,0
sext,prefix,Latin,prefix,3522612
sec,prefix,Latin,prefix,1096033994
sharp,prefix,Unspecified,prefix,37229663
ship,suffix,Unspecified,suffix,382616800
shod,suffix,Unspecified,suffix,333073
short,prefix,Unspecified,prefix,169918593
sibil,prefix,Latin,prefix,212556
sicc,prefix,Latin,prefix,80635
sick,suffix,Unspecified,suffix,17454460
sicy,prefix,Greek,prefix,0
sider,prefix,Latin,prefix,1181832
side,prefix,Unspecified,prefix,180895487
sigm,prefix,Greek,prefix,13461818
sign,prefix,Latin,prefix,522856849
silic,prefix,Unspecified,prefix,16474500
sil,prefix,Latin,prefix,175995057
silv,prefix,Latin,prefix,93122205
simil,prefix,Latin,prefix,138659085
simi,prefix,Latin,prefix,140531560
sinap,prefix,Greek,prefix,17304
sine,prefix,Unspecified,prefix,2920277
single,prefix,Unspecified,prefix,169392718
singul,prefix,Latin,prefix,4858062
sinistr,prefix,Latin,prefix,69627
sinu,prefix,Latin,prefix,3258536
sinus,prefix,Latin,prefix,3056484
sion,suffix,Unspecified,suffix,1435480474
siop,prefix,Greek,prefix,114373
siphono,prefix,Greek,prefix,0
sist,suffix,Latin,suffix,49600542
sis,suffix,Unspecified,suffix,379460712
sito,prefix,Greek,prefix,1319938
sive,suffix,Unspecified,suffix,272076258
siz,prefix,Greek,prefix,262683141
small,prefix,Unspecified,prefix,244604768
smaragd,prefix,Greek,prefix,23465
smil,prefix,Greek,prefix,35406722
smith,suffix,Unspecified,suffix,74955590
smoke,prefix,Unspecified,prefix,27895727
smooth,prefix,Unspecified,prefix,27103510
snow,prefix,Unspecified,prefix,64605838
socio,prefix,Latin,prefix,16408661
soft,prefix,Unspecified,prefix,439155792
solar,prefix,Unspecified,prefix,33204061
sol,prefix,Latin,prefix,482373378
sole,prefix,Latin,prefix,31447626
solen,prefix,Greek,prefix,1734346
solv,prefix,Latin,prefix,40454049
somato,prefix,Greek,prefix,528415
some,suffix,Unspecified,suffix,592136407
somn,prefix,Latin,prefix,227893
somni,prefix,Latin,prefix,34284
sono,prefix,Latin,prefix,7364431
soph,prefix,Greek,prefix,21398949
sopor,prefix,Latin,prefix,215115
sorb,prefix,Latin,prefix,1627302
sord,prefix,Latin,prefix,377314
soror,prefix,Latin,prefix,2430294
sort,suffix,Unspecified,suffix,132437152
soul,prefix,Unspecified,prefix,43010149
south,prefix,Unspecified,prefix,346509689
spad,prefix,Greek,prefix,3943715
sparg,prefix,Latin,prefix,131434
spath,prefix,Greek,prefix,142705
space,prefix,Latin,prefix,149900144
spa,prefix,Greek,prefix,459874046
speak,suffix,Unspecified,suffix,32453740
speci,prefix,Unspecified,prefix,708816468
spectro,prefix,Latin,prefix,7896499
speir,prefix,Greek,prefix,94135
spele,prefix,Greek,prefix,280713
spelyng,prefix,Greek,prefix,0
spend,prefix,Greek,prefix,49256063
sper,prefix,Latin,prefix,13646901
spermato,prefix,Greek,prefix,532582
sphal,prefix,Greek,prefix,48488
spheno,prefix,Greek,prefix,78047
sphere,prefix,Greek,prefix,7446279
sphing,prefix,Greek,prefix,228494
sphondyl,prefix,Greek,prefix,0
sphrag,prefix,Greek,prefix,0
sphyg,prefix,Greek,prefix,92332
spic,prefix,Latin,prefix,15279603
spin,prefix,Latin,prefix,41660253
spiro,prefix,Latin,prefix,969759
splen,prefix,Greek,prefix,5467577
spondyl,prefix,Greek,prefix,332429
spond,prefix,Latin,prefix,755925
spongio,prefix,Unspecified,prefix,0
sporo,prefix,Greek,prefix,88239
spu,prefix,Latin,prefix,13331319
squal,prefix,Latin,prefix,842397
squam,prefix,Latin,prefix,1078797
squarros,prefix,Latin,prefix,16814
step,prefix,Unspecified,prefix,177711421
stagn,prefix,Latin,prefix,1538838
stair,suffix,Unspecified,suffix,3780820
stala,prefix,Greek,prefix,227420
stalsis,suffix,Unspecified,suffix,52829
stann,prefix,Latin,prefix,246633
stant,suffix,Unspecified,suffix,107972037
staphylo,prefix,Greek,prefix,1092730
statu,prefix,Latin,prefix,167523332
steat,prefix,Greek,prefix,80937
stega,prefix,Greek,prefix,285724
stell,prefix,Latin,prefix,8791070
stichous,suffix,Unspecified,suffix,0
stol,prefix,Greek,prefix,12392012
steno,prefix,Greek,prefix,1437050
ster,suffix,Unspecified,suffix,732002869
stereo,prefix,Greek,prefix,23975036
stern,prefix,Greek,prefix,6487773
stern,prefix,Latin,prefix,6487773
steth,prefix,Greek,prefix,739891
sthen,prefix,Greek,prefix,87910
stich,prefix,Greek,prefix,828372
stigma,prefix,Greek,prefix,1876350
still,prefix,Latin,prefix,197085542
stimul,prefix,Latin,prefix,20330306
stin,prefix,Latin,prefix,10840244
stoch,prefix,Greek,prefix,2956981
stomato,prefix,Greek,prefix,58686
stood,suffix,Unspecified,suffix,24612449
stor,prefix,Greek,prefix,848701990
strain,prefix,Unspecified,prefix,16342857
strat,prefix,Greek,prefix,146268871
streper,prefix,Latin,prefix,0
streph,prefix,Greek,prefix,0
strepto,prefix,Greek,prefix,2046404
stress,suffix,Unspecified,suffix,37629113
strig,prefix,Latin,prefix,95107
strigos,prefix,Latin,prefix,0
string,prefix,Latin,prefix,69803093
stroph,prefix,Greek,prefix,34328
struct,prefix,Latin,prefix,133049351
struck,suffix,Unspecified,suffix,9200297
strung,suffix,Unspecified,suffix,1328163
stud,prefix,Latin,prefix,717651084
stup,prefix,Latin,prefix,17473344
styg,prefix,Greek,prefix,106442
styli,prefix,Greek,prefix,17607791
suad,prefix,Latin,prefix,18718
suav,prefix,Latin,prefix,367703
sub,prefix,Latin,prefix,1081167597
subter,prefix,Latin,prefix,848691
sucr,prefix,Latin,prefix,1391491
suc,prefix,Latin,prefix,591466484
sud,prefix,Latin,prefix,37368746
sui,prefix,Latin,prefix,151957817
sulc,prefix,Latin,prefix,157751
sult,suffix,Unspecified,suffix,141710495
summ,prefix,Latin,prefix,195303443
sumptu,prefix,Unspecified,prefix,708242
sumpt,prefix,Latin,prefix,1069443
super,prefix,Latin,prefix,212201872
supin,prefix,Latin,prefix,251702
supra,prefix,Latin,prefix,5093425
surd,prefix,Latin,prefix,28174
surg,prefix,Latin,prefix,71134971
sur,prefix,Unspecified,prefix,563004145
su,prefix,Latin,prefix,4517450174
sweet,prefix,Unspecified,prefix,45925677
swept,suffix,Unspecified,suffix,2785592
sybar,prefix,Greek,prefix,82404
syco,prefix,Greek,prefix,186384
synchro,prefix,Unspecified,prefix,12314214
syn,prefix,Greek,prefix,137301279
sy,suffix,Unspecified,suffix,347538957
syring,prefix,Greek,prefix,2032799
tacho,prefix,Greek,prefix,694100
tact,prefix,Unspecified,prefix,14954994
tac,prefix,Latin,prefix,44864507
taeni,prefix,Greek,prefix,43505
tag,prefix,Greek,prefix,91312914
tain,suffix,Unspecified,suffix,306272006
talus,prefix,Latin,prefix,171330
tang,prefix,Latin,prefix,16581788
tapet,prefix,Latin,prefix,1211668
taph,suffix,Unspecified,suffix,737339
tarac-,prefix,Greek,prefix,0
tard,prefix,Latin,prefix,1427612
tars,prefix,Greek,prefix,642790
tastic,suffix,Unspecified,suffix,17826136
tast,prefix,Unspecified,prefix,33218331
tauro,prefix,Latin,prefix,101716
tauto,prefix,Unspecified,prefix,275757
taxi,prefix,Greek,prefix,12324783
tear,prefix,Unspecified,prefix,18004058
tec-,prefix,Greek,prefix,0
tec,prefix,Greek,prefix,638966221
technic,prefix,Greek,prefix,123887961
tecn-,prefix,Greek,prefix,0
tect,suffix,Unspecified,suffix,55454938
teen,suffix,Unspecified,suffix,207267200
teleo,prefix,Greek,prefix,395806
tele,prefix,Unspecified,prefix,229456954
tellur,prefix,Unspecified,prefix,1086849
tem,prefix,Greek,prefix,193731478
temn,prefix,Latin,prefix,0
tempor,prefix,Latin,prefix,32612166
tend,prefix,Latin,prefix,46396668
tenu,prefix,Latin,prefix,7641617
tene,prefix,Latin,prefix,5000841
tephro,prefix,Unspecified,prefix,15696
tep,prefix,Latin,prefix,2034837
tera,prefix,Unspecified,prefix,4155666
ter,prefix,Latin,prefix,642152178
tere,prefix,Greek,prefix,6203322
teret,prefix,Latin,prefix,17734
terg,prefix,Latin,prefix,47441
teria,suffix,Unspecified,suffix,45767365
termina,prefix,Latin,prefix,52532917
tern,prefix,Latin,prefix,1765127
terra,prefix,Latin,prefix,23977885
terri,prefix,Unspecified,prefix,62249681
terti,prefix,Latin,prefix,2773719
testat,prefix,Latin,prefix,264492
tetart,prefix,Greek,prefix,17374
tetra,prefix,Greek,prefix,4196178
teuch,prefix,Greek,prefix,39676
tex,prefix,Latin,prefix,428771583
th,suffix,Unspecified,suffix,5858333212
thalam,prefix,Greek,prefix,381687
thalasso,prefix,Greek,prefix,143930
thallo,prefix,Unspecified,prefix,0
thanato,prefix,Greek,prefix,95251
thaumato,prefix,Greek,prefix,0
thei,prefix,Greek,prefix,786803948
thea,prefix,Greek,prefix,83290392
thel,prefix,Greek,prefix,2836329
theori,prefix,Greek,prefix,11025724
therap,prefix,Greek,prefix,62233238
therio,prefix,Unspecified,prefix,324006
therma,prefix,Greek,prefix,16898829
ther,prefix,Greek,prefix,904502185
the-,prefix,Greek,prefix,0
thick,prefix,Unspecified,prefix,24651116
thigmo,prefix,Greek,prefix,0
thorac,prefix,Greek,prefix,1600556
three,prefix,Unspecified,prefix,237184043
thrombo,prefix,Unspecified,prefix,2447588
thym,prefix,Greek,prefix,2657018
thyr,prefix,Greek,prefix,4705544
thyre,prefix,Greek,prefix,0
tic,suffix,Unspecified,suffix,680341585
tid,prefix,Unspecified,prefix,17914067
tight,prefix,Unspecified,prefix,29198584
tim,prefix,Latin,prefix,1251988738
ting,prefix,Latin,prefix,3592776
tion,suffix,Unspecified,suffix,9229377557
tire,prefix,Unspecified,prefix,30131050
titano,prefix,Unspecified,prefix,27035
tive,suffix,Unspecified,suffix,1262473744
toler,prefix,Unspecified,prefix,15804518
tom,prefix,Greek,prefix,121995915
tono,prefix,Greek,prefix,969933
topo- ,prefix,Greek,prefix,0
torn,prefix,"Latin, Greek",prefix,7754685
torpe,prefix,Latin,prefix,1340552
torqu,prefix,Latin,prefix,5630723
torre,prefix,Unspecified,prefix,12247151
torr,prefix,Unspecified,prefix,16103111
tort,prefix,Unspecified,prefix,23767307
tot,prefix,Latin,prefix,282836229
town,prefix,Unspecified,prefix,128921773
toxi,prefix,Greek,prefix,21624525
trab,prefix,Latin,prefix,1972442
tracheo,prefix,Greek,prefix,383957
trag,prefix,Greek,prefix,10796166
trah,prefix,Latin,prefix,122145
trans,prefix,Latin,prefix,626435468
trapez,prefix,Greek,prefix,868363
traum,prefix,Greek,prefix,9046465
treat,prefix,Unspecified,prefix,170104235
trecent,prefix,Latin,prefix,0
trech,prefix,Greek,prefix,0
tredec,prefix,Latin,prefix,0
tree,prefix,Unspecified,prefix,89699295
treiskaidek,prefix,Greek,prefix,0
trem,prefix,Latin,prefix,26988480
trema,prefix,Greek,prefix,373406
treph,prefix,Greek,prefix,0
trepid,prefix,Latin,prefix,236561
trep,prefix,Greek,prefix,415933
tri,prefix,"Latin, Greek",prefix,478850956
trich,prefix,Unspecified,prefix,1611801
tribo,prefix,Greek,prefix,304016
tribut,prefix,Latin,prefix,11541564
tricen,prefix,Latin,prefix,13373
tricesim,prefix,Latin,prefix,0
tricho,prefix,Greek,prefix,508640
tric,prefix,Unspecified,prefix,30288031
trin,prefix,Latin,prefix,21425560
trit- ,prefix,Greek,prefix,0
tritic,prefix,Latin,prefix,302227
trix,suffix,Unspecified,suffix,35775820
troche,prefix,Greek,prefix,39531
tron,suffix,Unspecified,suffix,28322607
trop,prefix,Greek,prefix,29080612
tropho,prefix,Greek,prefix,190968
truc,prefix,Latin,prefix,54644359
trud,prefix,Latin,prefix,1604224
trunc,prefix,Latin,prefix,3031455
tryp,prefix,Greek,prefix,2112553
tub,prefix,Latin,prefix,50130872
tuit,prefix,Unspecified,prefix,9985740
tuple,suffix,Unspecified,suffix,1537232
tum,prefix,Latin,prefix,23018431
tude,suffix,Unspecified,suffix,49152245
turba,prefix,Latin,prefix,493065
tuss,prefix,Latin,prefix,931276
tut,prefix,Unspecified,prefix,51935825
twi,prefix,Unspecified,prefix,117654623
tymb,prefix,Greek,prefix,0
tympan,prefix,Greek,prefix,154480
typh,prefix,Greek,prefix,2817362
typo,prefix,Greek,prefix,6623591
tyrann,prefix,Greek,prefix,2388649
ty,suffix,Unspecified,suffix,4825098145
uated,suffix,Unspecified,suffix,30230852
uber,prefix,Latin,prefix,2399516
ual,suffix,Unspecified,suffix,649852782
uble,suffix,Unspecified,suffix,106926857
ula,suffix,Unspecified,suffix,56636346
ulent,suffix,Unspecified,suffix,5680058
uligin,prefix,Latin,prefix,0
ultimat,prefix,Latin,prefix,41108475
ultra,prefix,Latin,prefix,43833109
ulus,suffix,Unspecified,suffix,12043602
ul,prefix,Greek,prefix,114845579
um,suffix,Unspecified,suffix,1186243316
umbilic,prefix,Latin,prefix,835597
umber,prefix,Latin,prefix,742662
unc,prefix,Latin,prefix,88277341
unci,prefix,Latin,prefix,984788
uncle,suffix,Unspecified,suffix,8309580
under,prefix,Unspecified,prefix,597253294
und,prefix,Latin,prefix,669181821
ungu,prefix,Latin,prefix,454290
un,prefix,Latin,prefix,2766606980
un,prefix,Unspecified,prefix,2766606980
una,prefix,Latin,prefix,80627395
uous,suffix,Unspecified,suffix,37055146
up,prefix,Unspecified,prefix,1503597452
urano,prefix,Greek,prefix,25842
urb,prefix,Latin,prefix,45463843
ure,suffix,Unspecified,suffix,1848959205
urg,prefix,Latin,prefix,25569064
uric,suffix,Unspecified,suffix,1459615
urnal,suffix,Unspecified,suffix,120986031
uro,prefix,Unspecified,prefix,4023204
urs,prefix,Latin,prefix,3065322
ur,prefix,Greek,prefix,255334137
uter,prefix,Unspecified,prefix,3224193
ute,suffix,Unspecified,suffix,342380540
util,prefix,Latin,prefix,99487770
us,suffix,Unspecified,suffix,3250365857
ution,suffix,Unspecified,suffix,378848100
uv,prefix,Latin,prefix,14022976
uxor,prefix,Latin,prefix,23198
vac,prefix,Latin,prefix,130000434
vacc,prefix,Latin,prefix,15798179
vacil,prefix,Latin,prefix,139537
vade,prefix,Latin,prefix,1643386
vag,prefix,Latin,prefix,18239008
vail,suffix,Unspecified,suffix,9240750
vale,prefix,Latin,prefix,44083323
vanq,prefix,Unspecified,prefix,540156
van,prefix,Latin,prefix,128183918
vap,prefix,Latin,prefix,7107707
vari,prefix,Latin,prefix,264395007
varic,prefix,Latin,prefix,1132019
vasa,prefix,Unspecified,prefix,416658
vated,suffix,Unspecified,suffix,25366574
veh,prefix,Latin,prefix,93730845
vell,prefix,Latin,prefix,1244591
veloc,prefix,Latin,prefix,11101017
velop,suffix,Unspecified,suffix,56514362
vela,prefix,Latin,prefix,1484863
venge,prefix,Unspecified,prefix,2611767
vent,prefix,Latin,prefix,48408562
vend,prefix,Latin,prefix,51165907
vener,prefix,Latin,prefix,1752118
vent,prefix,Latin,prefix,48408562
ventricular,suffix,Unspecified,suffix,2021153
ventr,prefix,Latin,prefix,3592534
verb,prefix,Latin,prefix,18297417
verber,prefix,Latin,prefix,13714
verd,prefix,Unspecified,prefix,15709633
vermi,prefix,Latin,prefix,2076188
vern,prefix,Latin,prefix,10921208
vers,prefix,Latin,prefix,303720653
vera,prefix,Latin,prefix,7198869
vesic,prefix,Latin,prefix,1408973
vesper,prefix,Latin,prefix,377388
vest,prefix,Latin,prefix,12215492
vestig,prefix,Latin,prefix,492273
ves,prefix,Unspecified,prefix,33177345
vet,prefix,Latin,prefix,43500339
veter,prefix,Latin,prefix,32231892
vex,prefix,Unspecified,prefix,1308879
vice,prefix,Unspecified,prefix,34786865
vict,suffix,Unspecified,suffix,1167206
vicar,prefix,Latin,prefix,1714915
vid,prefix,Latin,prefix,503093674
vigil,prefix,Latin,prefix,3663752
vill,prefix,Latin,prefix,91335327
vil,prefix,Latin,prefix,96570822
ville,suffix,Unspecified,suffix,178754072
vini,prefix,Latin,prefix,870515
vinc,prefix,Latin,prefix,20724370
virg,prefix,Latin,prefix,99088344
virgin,prefix,Latin,prefix,95918977
viru,prefix,Latin,prefix,47046781
visco,prefix,Latin,prefix,4147122
viscer,prefix,Latin,prefix,806418
vita,prefix,Latin,prefix,47916255
vitell,prefix,Latin,prefix,163005
viti,prefix,Latin,prefix,855473
vitro,prefix,Latin,prefix,5101368
viva,prefix,Latin,prefix,5094924
via,prefix,Latin,prefix,139557739
voca,prefix,Latin,prefix,35824930
volcan,prefix,Latin,prefix,7239081
volv,prefix,Latin,prefix,7935135
vole,prefix,Latin,prefix,547296
vom,prefix,Latin,prefix,4328531
vorac,prefix,Latin,prefix,270292
vov,prefix,Latin,prefix,46219
vour,suffix,Unspecified,suffix,10039793
voy,prefix,Unspecified,prefix,55372016
vulga,prefix,Latin,prefix,3033886
vulner,prefix,Latin,prefix,20859719
vulp,prefix,Latin,prefix,205209
wards,suffix,Unspecified,suffix,126435707
ware,suffix,Unspecified,suffix,619147248
war,prefix,Unspecified,prefix,479005154
waste,prefix,Unspecified,prefix,55203490
water,prefix,Unspecified,prefix,294210055
ways,suffix,Unspecified,suffix,226257583
weather,prefix,Unspecified,prefix,110103476
weight,prefix,Unspecified,prefix,107056153
well,prefix,Unspecified,prefix,405869057
west,prefix,Unspecified,prefix,301315140
white,prefix,Unspecified,prefix,234650167
whole,prefix,Unspecified,prefix,128017538
wide,prefix,Unspecified,prefix,131238466
wind,prefix,Unspecified,prefix,361793149
wise,suffix,Unspecified,suffix,83893222
with,prefix,Unspecified,prefix,3699298599
woman,suffix,Unspecified,suffix,74958330
wool,prefix,Unspecified,prefix,13714630
word,prefix,Unspecified,prefix,210368652
work,suffix,Unspecified,suffix,724357679
world,prefix,Unspecified,prefix,526802732
worn,suffix,Unspecified,suffix,9885250
worthy,suffix,Unspecified,suffix,12318603
xantho,prefix,Greek,prefix,185907
xe,prefix,Greek,prefix,29403672
xei,prefix,Greek,prefix,51125
xeno,prefix,Greek,prefix,3774600
xera,prefix,Greek,prefix,0
xipho,prefix,Greek,prefix,24534
xylo,prefix,Greek,prefix,489092
y,suffix,Unspecified,suffix,35763181677
year,suffix,Unspecified,suffix,453799847
yellow,prefix,Unspecified,prefix,87985532
yester,prefix,Unspecified,prefix,35597319
yte,suffix,Unspecified,suffix,24602822
ze,prefix,Greek,prefix,138562730
zel,prefix,Greek,prefix,6433562
zephyr,prefix,Greek,prefix,1577558
zet,prefix,Greek,prefix,3399355
zete,prefix,Greek,prefix,298336
zizyph,prefix,Greek,prefix,0
zoic,suffix,Unspecified,suffix,1019651
zon,prefix,Greek,prefix,69574882
zo,prefix,Greek,prefix,174484462
zygo,prefix,Greek,prefix,343773
zymo,prefix,Greek,prefix,146601
